precos,Categoria,Modelo,Marca,Tipo de veículo,Ano,Quilometragem,Potência do motor,Combustível,Câmbio,Direção,Cor,Portas,Final de placa,Possui Kit GNV,Tipo de direção
108900,"Carros, Vans E Utilitários",Audi 1.4 Tfsi/tfsi Flex S-tronic 5p,Audi,Suv,2018,83000,1.4,Flex,Automático,Elétrica,Preto,4.0,7.0,Não,Elétrica
77900,"Carros, Vans E Utilitários",Mitsubishi 2.0 16v 4x2 Flex Aut.,Mitsubishi,Suv,2015,91911,2.0,Gasolina,Automático,Hidráulica,Branco,4.0,7.0,Não,Hidráulica
99000,"Carros, Vans E Utilitários",Audi Sedan Prestige 1.4 Tfsi S-tronic,Audi,Sedã,2020,74000,1.4,Flex,Automático,Elétrica,Branco,4.0,9.0,Não,Elétrica
66000,"Carros, Vans E Utilitários",Jeep Sport 1.8 4x2 Flex 16v Aut.,Jeep,Suv,2016,158,1.8,Flex,Automático,Elétrica,Vermelho,4.0,5.0,Não,Elétrica
108900,"Carros, Vans E Utilitários",Audi 1.4 Tfsi/tfsi Flex S-tronic 5p,Audi,Suv,2018,34000,1.4,Flex,Automático,Elétrica,Branco,4.0,4.0,Não,Elétrica
57000,"Carros, Vans E Utilitários",Hyundai Vision 1.0 Flex 12v Mec,Hyundai,Hatch,2021,66200,1.0,Flex,Manual,Elétrica,Branco,4.0,5.0,Não,Elétrica
265000,"Carros, Vans E Utilitários",Hyundai Sense 1.0 Flex 12v Mec,Hyundai,Hatch,2022,50000,1.0,Flex,Manual,Elétrica,Prata,4.0,5.0,Não,Elétrica
68900,"Carros, Vans E Utilitários",Toyota X Plus 1.5 Flex 16v 5p Mec.,Toyota,Hatch,2019,110000,1.5,Flex,Automático,Elétrica,Branco,4.0,4.0,Não,Elétrica
34500,"Carros, Vans E Utilitários",Fiat Way Celeb. 1.4 Evo Fire Flex 8v 5p,Fiat,Hatch,2013,99000,1.4,Flex,Manual,Hidráulica,Branco,4.0,4.0,Não,Hidráulica
63900,"Carros, Vans E Utilitários",Nissan Sv 1.6 16v Flexstart 4p Mec.,Nissan,Sedã,2018,112000,1.6,Flex,Manual,Hidráulica,Branco,4.0,1.0,Não,Elétrica
27900,"Carros, Vans E Utilitários",Citroen Glx 1.6 Flex 16v 5p Mec.,Citroen,Hatch,2013,120000,1.6,Flex,Manual,Eletro-hidráulica,Preto,4.0,3.0,Não,5
122900,"Carros, Vans E Utilitários",Nissan Sl Cd 4x4 2.5tb Diesel Aut,Nissan,Pick-up,2016,133000,2.0,Diesel,Automático,Hidráulica,Branco,4.0,1.0,Não,Hidráulica
219000,"Carros, Vans E Utilitários",Chevrolet P-up H.country 2.8 4x4 Cd Dies.aut.,Chevrolet,Pick-up,2024,25000,2.0,Diesel,Automático,Elétrica,Branco,4.0,5.0,Não,Elétrica
118900,"Carros, Vans E Utilitários",Fiat Volcano 1.3 Flex 8v Cd,Fiat,Pick-up,2023,29000,1.3,Flex,Manual,Elétrica,Cinza,4.0,9.0,Não,Elétrica
62900,"Carros, Vans E Utilitários",Peugeot Griffe 1.6 Flex 16v 5p Aut.,Peugeot,Hatch,2017,79986,1.6,Flex,Automático,Elétrica,Branco,4.0,4.0,Não,Elétrica
92000,"Carros, Vans E Utilitários",Renault Iconic 1.3 Tb 16v Flex 5p Aut,Renault,Hatch,2023,39000,1.3,Flex,Automático,Elétrica,Branco,4.0,5.0,Não,Elétrica
102900,"Carros, Vans E Utilitários",Renault Evolut. Flex 1.0 Tb 12v 5p Aut.,Renault,Suv,2025,40000,1.0,Flex,Automático,Elétrica,Branco,4.0,6.0,Não,Elétrica
82900,"Carros, Vans E Utilitários",Hyundai Diamond 1.6 Flex 16v Aut,Hyundai,Hatch,2022,65000,1.6,Flex,Automático,Elétrica,Prata,4.0,6.0,Não,Elétrica
129900,"Carros, Vans E Utilitários",Toyota Gli 2.0 16v Flex Aut.,Toyota,Sedã,2022,54000,2.0,Flex,Automático,Elétrica,Branco,4.0,0.0,Não,Elétrica
90900,"Carros, Vans E Utilitários",Chevrolet Lt 1.0 Turbo 12v Flex Aut,Chevrolet,Suv,2021,60000,1.0,Flex,Automático,Elétrica,Cinza,4.0,8.0,Não,Elétrica
122900,"Carros, Vans E Utilitários",Nissan Xplay 1.6 16v Flex Aut,Nissan,Suv,2023,24800,1.6,Flex,Automático,Elétrica,Cinza,4.0,9.0,Não,Elétrica
49900,"Carros, Vans E Utilitários",Ford Sed. Ti./ti.plus1.6 16v Flex Aut.,Ford,Sedã,2014,105800,1.6,Flex,Automático,Elétrica,Branco,4.0,7.0,Não,Elétrica
101900,"Carros, Vans E Utilitários",Peugeot Grife 1.6 Turbo Flex 16v 5p Aut,Peugeot,Suv,2023,27000,1.6,Flex,Automático,Elétrica,Prata,4.0,8.0,Não,Elétrica
77900,"Carros, Vans E Utilitários",Chevrolet Hatch Premier 1.0 12v Tb Flex Aut. 4p,Chevrolet,Hatch,2020,41000,1.0,Flex,Automático,Elétrica,Laranja,4.0,9.0,Não,Elétrica
18000,"Carros, Vans E Utilitários",Volkswagen 2.0 Mi 2p E 4p,Volkswagen,Sedã,2001,130000,2.0,Gasolina,Manual,Hidráulica,Prata,4.0,5.0,Não,Hidráulica
69900,"Carros, Vans E Utilitários",Fiat Trekking 1.0 Flex 5p,Fiat,Hatch,2024,65000,1.0,Flex,Manual,Hidráulica,Prata,4.0,6.0,Não,Hidráulica
101900,"Carros, Vans E Utilitários",Peugeot Grife 1.6 Turbo Flex 16v 5p Aut,Peugeot,Suv,2023,27000,1.6,Flex,Automático,Elétrica,Prata,4.0,8.0,Não,Elétrica
205000,"Carros, Vans E Utilitários",Toyota Cd Srx 4x4 2.8 Tdi 16v Diesel Aut.,Toyota,Pick-up,2020,145000,2.0,Diesel,Automático,Hidráulica,Branco,4.0,5.0,Não,Hidráulica
110900,"Carros, Vans E Utilitários",Nissan Exclusive 1.6 16v Flex Aut,Nissan,Suv,2023,37257,1.6,Flex,Automático,Elétrica,Branco,4.0,5.0,Não,Elétrica
66000,"Carros, Vans E Utilitários",Kia Motors Ex 3.0 V6 24v 256cv Tb Dies. Aut.,Kia Motors,Suv,2010,203000,1.6,Diesel,Automático,Hidráulica,Prata,4.0,5.0,Não,Hidráulica
25000,"Carros, Vans E Utilitários",Chrysler Le 3.3,Chrysler,Van/utilitário,1997,150000,3.0,Gasolina,Automático,Hidráulica,Outra,4.0,7.0,Não,Hidráulica
116900,"Carros, Vans E Utilitários",Honda Exl 1.8 Flexone 16v 5p Aut.,Honda,Suv,2021,43000,1.8,Flex,Automático,Elétrica,Preto,4.0,8.0,Não,Elétrica
43000,"Carros, Vans E Utilitários",Peugeot Allure 1.5 Flex 8v 5p,Peugeot,Hatch,2015,146500,1.5,Flex,Manual,Elétrica,Branco,4.0,8.0,Não,Elétrica
38800,"Carros, Vans E Utilitários",Chevrolet Ltz 1.8 8v Econo.flex 4p Mec.,Chevrolet,Sedã,2015,217900,1.8,Flex,Manual,Hidráulica,Azul,4.0,9.0,Sim,Hidráulica
32900,"Carros, Vans E Utilitários",Citroen Exclusive 1.6 Flex 16v 5p Mec.,Citroen,Suv,2012,130000,1.6,Flex,Manual,Hidráulica,Outra,4.0,5.0,Não,Hidráulica
46900,"Carros, Vans E Utilitários",Peugeot Active/active Pack 1.5 Flex 8v 5p,Peugeot,Hatch,2016,64000,1.5,Flex,Manual,Elétrica,Branco,4.0,6.0,Não,Elétrica
55900,"Carros, Vans E Utilitários",Chevrolet Sed. Ltz 1.4 8v Flexpower 4p,Chevrolet,Hatch,2016,120000,1.4,Flex,Automático,Elétrica,Preto,4.0,6.0,Não,Elétrica
55900,"Carros, Vans E Utilitários",Renault Expression 1.6 Hi-flex 16v Mec.,Renault,Hatch,2015,102000,1.6,Flex,Manual,Hidráulica,Prata,4.0,0.0,Não,Hidráulica
79900,"Carros, Vans E Utilitários",Chevrolet Lt 1.0 Turbo 12v Flex Aut,Chevrolet,Suv,2022,69930,1.0,Flex,Automático,Elétrica,Cinza,4.0,5.0,Não,Elétrica
129900,"Carros, Vans E Utilitários",Fiat Icon (elétrico),Fiat,Hatch,2022,25000,1.3,Elétrico,Automático,Elétrica,Branco,2.0,9.0,Não,Elétrica
107900,"Carros, Vans E Utilitários",Volkswagen Highline 1.0 200 Tsi Flex Aut,Volkswagen,Hatch,2021,48000,1.0,Flex,Automático,Elétrica,Preto,4.0,3.0,Não,Mecânica
54900,"Carros, Vans E Utilitários",Hyundai C.style/c.plus1.6 Flex 16v Aut. 4p,Hyundai,Sedã,2015,174096,1.6,Flex,Automático,Hidráulica,Branco,4.0,5.0,Não,Hidráulica
31000,"Carros, Vans E Utilitários",Chevrolet Ltz 1.4 Mpfi 8v Flexpower 5p,Chevrolet,Hatch,2011,145000,1.4,Flex,Manual,Hidráulica,Prata,4.0,9.0,Não,Hidráulica
73900,"Carros, Vans E Utilitários",Renault Oroch Dyna. 2.0 Hi-flex 16v Aut.,Renault,Pick-up,2020,106000,2.0,Flex,Automático,Eletro-hidráulica,Branco,4.0,0.0,Não,5
23500,"Carros, Vans E Utilitários",Chevrolet Spirit/ Lt 1.0 Mpfi 8v Flexp. 5p,Chevrolet,Hatch,2011,115000,1.6,Flex,Manual,Mecânica,Prata,4.0,5.0,Não,Mecânica
499900,"Carros, Vans E Utilitários",Ford Gt Performance 5.0 V8,Ford,Coupé,2024,10300,4.0,Gasolina,Automático,Elétrica,Branco,2.0,5.0,Não,Elétrica
53000,"Carros, Vans E Utilitários",Nissan V-drive 1.0 12v Flex Mec,Nissan,Sedã,2021,208000,1.6,Flex,Manual,Elétrica,Cinza,4.0,5.0,Não,Elétrica
74900,"Carros, Vans E Utilitários",Honda Exl 2.0 Flexone 16v 2wd Aut.,Honda,Hatch,2013,120000,2.0,Flex,Automático,Elétrica,Preto,4.0,5.0,Não,Elétrica
89900,"Carros, Vans E Utilitários",Ford Xl 3.9 4x2 Diesel,Ford,Pick-up,1999,171149,3.0,Diesel,Manual,Hidráulica,Vermelho,2.0,9.0,Não,Hidráulica
192900,"Carros, Vans E Utilitários",Volkswagen Gli 350 Tsi 2.0 16v 4p Aut.,Volkswagen,Hatch,2022,60000,2.0,Gasolina,Automático,Elétrica,Branco,4.0,5.0,Não,Elétrica
53000,"Carros, Vans E Utilitários",Nissan V-drive 1.0 12v Flex Mec,Nissan,Sedã,2021,208000,1.6,Flex,Manual,Elétrica,Cinza,4.0,5.0,Não,Elétrica
74900,"Carros, Vans E Utilitários",Honda Exl 2.0 Flexone 16v 2wd Aut.,Honda,Hatch,2013,120000,2.0,Flex,Automático,Elétrica,Preto,4.0,5.0,Não,Elétrica
89900,"Carros, Vans E Utilitários",Ford Xl 3.9 4x2 Diesel,Ford,Pick-up,1999,171149,3.0,Diesel,Manual,Hidráulica,Vermelho,2.0,9.0,Não,Hidráulica
192900,"Carros, Vans E Utilitários",Volkswagen Gli 350 Tsi 2.0 16v 4p Aut.,Volkswagen,Hatch,2022,60000,2.0,Gasolina,Automático,Elétrica,Branco,4.0,5.0,Não,Elétrica
93888,"Carros, Vans E Utilitários",Audi 2.0 Tfsi Quat. 170/180cv S-tronic 5p,Audi,Suv,2015,116000,2.0,Gasolina,Automático,Elétrica,Prata,4.0,5.0,Não,Elétrica
44990,"Carros, Vans E Utilitários",Renault Vibe Flex 1.0 12v 5p,Renault,Hatch,2018,97000,1.0,Flex,Manual,Eletro-hidráulica,Branco,4.0,5.0,Não,5
89888,"Carros, Vans E Utilitários",Toyota 2.0 4x4 16v Aut.,Toyota,Suv,2014,139400,2.0,Gasolina,Automático,Elétrica,Branco,4.0,5.0,Não,Elétrica
219900,"Carros, Vans E Utilitários",Chevrolet Pick-up Ltz 2.8 Tdi 4x4 Cd Dies.aut,Chevrolet,Pick-up,2024,27000,2.0,Diesel,Automático,Elétrica,Branco,4.0,8.0,Não,Elétrica
137900,"Carros, Vans E Utilitários",Chery Sport 1.5 Turbo Flex 16v Aut.,Chery,Hatch,2025,17000,1.5,Flex,Automático,Elétrica,Branco,4.0,1.0,Não,Elétrica
159900,"Carros, Vans E Utilitários",Fiat Volcano 1.3 T270 4x2 Flex Aut,Fiat,Pick-up,2024,3000,1.3,Flex,Automático,Elétrica,Branco,4.0,8.0,Não,Elétrica
165000,"Carros, Vans E Utilitários",Honda Touring 1.5 Tb 16v 5p Aut.,Honda,Suv,2020,68000,1.5,Gasolina,Automático,Elétrica,Prata,4.0,5.0,Não,Elétrica
54900,"Carros, Vans E Utilitários",Chevrolet Sed. Lt 1.4 8v Flexpower 4p Aut.,Chevrolet,Hatch,2015,120814,1.4,Flex,Automático,Elétrica,Branco,4.0,9.0,Não,Elétrica
57900,"Carros, Vans E Utilitários",Fiat Drive 1.0 6v Flex,Fiat,Hatch,2020,10000,1.0,Flex,Automático,Elétrica,Preto,4.0,9.0,Não,Elétrica
119900,"Carros, Vans E Utilitários",Toyota Cd D4-d 4x4 3.0 Tdi Dies. Mec.,Toyota,Hatch,2013,180000,3.0,Diesel,Manual,Hidráulica,Prata,4.0,8.0,Não,Hidráulica
118990,"Carros, Vans E Utilitários",Honda Ex 1.8 Flexone 16v 5p Aut.,Honda,Suv,2021,69000,1.8,Flex,Automático,Elétrica,Branco,4.0,5.0,Não,Elétrica
75000,"Carros, Vans E Utilitários",Ford Xl 2.8 8v 135cv 4x2 Ce Tb Diesel,Ford,Pick-up,2002,250000,2.0,Diesel,Manual,Hidráulica,Prata,4.0,5.0,Não,Hidráulica
156990,"Carros, Vans E Utilitários",Volkswagen Highline 1.4 250 Tsi Flex Aut,Volkswagen,Suv,2022,45530,1.4,Flex,Automático,Elétrica,Branco,4.0,1.0,Não,Elétrica
117990,"Carros, Vans E Utilitários",Hyundai Gls 1.6 Turbo 16v Aut.,Hyundai,Suv,2021,53509,1.6,Gasolina,Automático,Elétrica,Cinza,4.0,7.0,Não,Elétrica
73990,"Carros, Vans E Utilitários",Hyundai Attitude 1.6 16v Flex Aut.(pcd),Hyundai,Suv,2019,200000,1.6,Flex,Automático,Elétrica,Branco,4.0,5.0,Não,Elétrica
74999,"Carros, Vans E Utilitários",Chevrolet Plus Ltz 1.0 12v Tb Flex Mec. 4p,Chevrolet,Sedã,2021,21000,1.0,Flex,Manual,Elétrica,Branco,4.0,2.0,Não,Elétrica
145900,"Carros, Vans E Utilitários",Toyota Sw4 Srv D4-d 4x4 3.0 Tdi Dies. Aut,Toyota,Suv,2015,230000,3.0,Diesel,Automático,Hidráulica,Preto,4.0,8.0,Não,Hidráulica
99900,"Carros, Vans E Utilitários",Jeep Long. T270 1.3 Tb 4x2 Flex Aut.,Jeep,Suv,2024,9300,1.3,Flex,Automático,Elétrica,Cinza,4.0,8.0,Não,Elétrica
225000,"Carros, Vans E Utilitários",Chevrolet Pick-up Ltz 2.8 Tdi 4x4 Cd Dies.aut,Chevrolet,Pick-up,2024,17500,2.0,Diesel,Automático,Elétrica,Prata,4.0,5.0,Não,Elétrica
120000,"Carros, Vans E Utilitários",Volkswagen Highline 1.4 Tsi Flex 16v 5p Aut,Volkswagen,Suv,2022,53000,1.4,Flex,Automático,Elétrica,Branco,4.0,3.0,Não,Elétrica
78900,"Carros, Vans E Utilitários",Hyundai Gls 2.0 16v 2wd Flex Aut.,Hyundai,Suv,2015,100000,2.0,Flex,Automático,Elétrica,Branco,4.0,5.0,Não,Elétrica
25000,"Carros, Vans E Utilitários",Ford 1.0 Se/se Plus Tivct Flex 5p,Ford,Hatch,2015,1500,1.0,Flex,Manual,Elétrica,Branco,4.0,5.0,Não,Elétrica
37500,"Carros, Vans E Utilitários",Hyundai C.plus/c.style1.0 Flex 12v Mec. 4p,Hyundai,Sedã,2014,182000,1.0,Flex,Manual,Hidráulica,Outra,4.0,5.0,Não,Hidráulica
190000,"Carros, Vans E Utilitários",Fiat Endurance 2.2 16v 4x4 Tb Die. Mec,Fiat,Pick-up,2024,0,2.0,Diesel,Manual,Hidráulica,Preto,4.0,5.0,Não,Hidráulica
38900,"Carros, Vans E Utilitários",Renault Zen 1.0 Flex 12v 5p Mec.,Renault,Hatch,2019,16000,1.0,Flex,Manual,Elétrica,Branco,4.0,5.0,Não,Elétrica
88000,"Carros, Vans E Utilitários",Hyundai Sport 1.0 Tb Flex 12v Aut,Hyundai,Hatch,2022,29500,1.0,Flex,Automático,Elétrica,Cinza,4.0,5.0,Não,Elétrica
249900,"Carros, Vans E Utilitários",Ford Limited 3.2 20v 4x4 Cd Aut. Dies.,Ford,Pick-up,2017,188071,3.0,Diesel,Automático,Elétrica,Laranja,4.0,5.0,Não,Elétrica
151900,"Carros, Vans E Utilitários",Ford Xlt 3.2 20v 4x4 Cd Diesel Aut.,Ford,Pick-up,2020,127000,3.0,Diesel,Automático,Elétrica,Outra,4.0,4.0,Não,Elétrica
55000,"Carros, Vans E Utilitários",Ford Freestyle 1.6 16v Flex 5p,Ford,Suv,2015,99000,1.6,Flex,Manual,Elétrica,Branco,4.0,5.0,Não,Elétrica
18500,"Carros, Vans E Utilitários",Peugeot Sw Xr Sport 1.4 Flex 8v 5p,Peugeot,Hatch,2011,86000,1.6,Flex,Manual,Hidráulica,Cinza,4.0,5.0,Não,Hidráulica
13500,"Carros, Vans E Utilitários",Renault Campus Hi-flex 1.0 16v 5p,Renault,Hatch,2010,50000,1.0,Flex,Manual,Mecânica,Prata,4.0,5.0,Não,Mecânica
10000,"Carros, Vans E Utilitários",Fiat Furgão 1.5 Mpi / I.e.,Fiat,Van/utilitário,1993,56974,1.5,álcool,Manual,Mecânica,Branco,2.0,5.0,Não,Mecânica
34800,"Carros, Vans E Utilitários",Fiat Attractive 1.0 Evo Fire Flex 8v 5p,Fiat,Hatch,2017,184000,1.0,Flex,Manual,Elétrica,Cinza,4.0,9.0,Não,Elétrica
215900,"Carros, Vans E Utilitários",Mercedes-benz Cgi Avantgarde 2.0 Tb 211cv Aut.,Mercedes-benz,Sedã,2018,46000,2.0,Gasolina,Automático,Elétrica,Prata,4.0,5.0,Não,Elétrica
35000,"Carros, Vans E Utilitários",Fiat Attractive 1.0 Evo Fire Flex 8v 5p,Fiat,Hatch,2017,150000,1.0,Flex,Manual,Elétrica,Branco,4.0,7.0,Não,Elétrica
179990,"Carros, Vans E Utilitários",Chevrolet Ss 6.2 V8 16v,Chevrolet,Coupé,2011,92000,4.0,Gasolina,Automático,Hidráulica,Vermelho,2.0,5.0,Não,Hidráulica
50000,"Carros, Vans E Utilitários",Volkswagen Trendline 1.6 T.flex 8v 4p,Volkswagen,Sedã,2018,94162,1.6,Flex,Manual,Hidráulica,Cinza,4.0,9.0,Não,Hidráulica
129000,"Carros, Vans E Utilitários",Jeep Limited 2.0 4x4 Diesel 16v Aut.,Jeep,Suv,2021,65000,2.0,Diesel,Automático,Elétrica,Prata,4.0,1.0,Não,Elétrica
55900,"Carros, Vans E Utilitários",Volkswagen 1.6 Mi Total Flex 8v 4p,Volkswagen,Hatch,2012,142000,1.6,Flex,Manual,Eletro-hidráulica,Branco,4.0,8.0,Não,5
104900,"Carros, Vans E Utilitários",Fiat Volcano 2.0 16v 4x4 Tb Diesel Aut.,Fiat,Pick-up,2018,96000,2.0,Diesel,Automático,Elétrica,Outra,4.0,5.0,Não,Elétrica
455000,"Carros, Vans E Utilitários",Bmw Cabriolet M Sport 2.0 Tb 258cv 2p,Bmw,Conversível,2022,13000,2.0,Gasolina,Automático,Eletro-hidráulica,Preto,2.0,2.0,Não,5
104900,"Carros, Vans E Utilitários",Audi Sportback 1.4 Tfsi S-tronic,Audi,Hatch,2018,97000,1.4,Gasolina,Automático,Elétrica,Prata,4.0,5.0,Não,Elétrica
304888,"Carros, Vans E Utilitários",Bmw A 2.0 Tb M Sport Activeflex 16v 4p,Bmw,Sedã,2024,6082,2.0,Flex,Automático,Elétrica,Preto,4.0,8.0,Não,Elétrica
35000,"Carros, Vans E Utilitários",Ford 1.0 Se/se Plus Tivct Flex 5p,Ford,Hatch,2018,190000,1.0,Flex,Automático,Elétrica,Branco,4.0,5.0,Não,Elétrica
330000,"Carros, Vans E Utilitários",Ram Laramie 6.7 Tdi Cd 4x4 Diesel,Ram,Pick-up,2020,140000,4.0,Diesel,Automático,Elétrica,Branco,4.0,5.0,Não,Elétrica
35900,"Carros, Vans E Utilitários",Renault Zen 1.0 Flex 12v 5p Mec.,Renault,Hatch,2019,133000,1.0,Flex,Manual,Elétrica,Prata,4.0,5.0,Não,Elétrica
330000,"Carros, Vans E Utilitários",Ram Laramie 6.7 Tdi Cd 4x4 Diesel,Ram,Pick-up,2020,140000,4.0,Diesel,Automático,Elétrica,Branco,4.0,5.0,Não,Elétrica
35900,"Carros, Vans E Utilitários",Renault Zen 1.0 Flex 12v 5p Mec.,Renault,Hatch,2019,133000,1.0,Flex,Manual,Elétrica,Prata,4.0,5.0,Não,Elétrica
136900,"Carros, Vans E Utilitários",Toyota Altis Prem. Hybrid 1.8 Flex Aut,Toyota,Sedã,2021,77000,1.8,Híbrido,Automático,Elétrica,Branco,4.0,5.0,Não,Elétrica
112940,"Carros, Vans E Utilitários",Fiat Audace 1.0 200 T. Flex Aut,Fiat,Hatch,2023,18300,1.0,Flex,Automático,Elétrica,Branco,4.0,4.0,Não,Elétrica
40000,"Carros, Vans E Utilitários",Honda Exl 1.8 Flexone 16v 5p Aut.,Honda,Suv,2016,250000,1.8,Flex,Automático,Elétrica,Prata,4.0,2.0,Não,Elétrica
59900,"Carros, Vans E Utilitários",Fiat Attractive 1.4 Fire Flex 8v 5p,Fiat,Van/utilitário,2016,85000,1.4,Flex,Manual,Mecânica,Vermelho,4.0,4.0,Não,Mecânica
419000,"Carros, Vans E Utilitários",Toyota Sw4 Srx Plat. 4x4 2.8 Tb Die. Aut.,Toyota,Suv,2025,0,2.0,Diesel,Automático,Hidráulica,Branco,4.0,5.0,Não,Hidráulica
125000,"Carros, Vans E Utilitários",Chevrolet Premier 1.2 Turbo 12v Flex Aut,Chevrolet,Suv,2024,63500,1.2,Flex,Automático,Elétrica,Cinza,4.0,0.0,Não,Elétrica
60000,"Carros, Vans E Utilitários",Honda Sedan Lx 1.5 Flex 16v 4p Aut.,Honda,Sedã,2013,120000,1.6,Flex,Automático,Elétrica,Outra,4.0,5.0,Não,Elétrica
34500,"Carros, Vans E Utilitários",Nissan Sl 1.6 16v Flex Fuel 4p Mec.,Nissan,Sedã,2014,102000,1.6,Flex,Automático,Elétrica,Branco,4.0,5.0,Não,Elétrica
94900,"Carros, Vans E Utilitários",Chery T 1.5 16v Turbo Flex Aut.,Chery,Suv,2022,43000,1.5,Flex,Automático,Elétrica,Branco,4.0,4.0,Não,Elétrica
43900,"Carros, Vans E Utilitários",Ford 1.0 Se/se Plus Tivct Flex 5p,Ford,Hatch,2020,145000,1.0,Flex,Manual,Elétrica,Branco,4.0,5.0,Não,Elétrica
147000,"Carros, Vans E Utilitários",Toyota Sw4 Srv D4-d 4x4 3.0 Tdi Dies. Aut,Toyota,Suv,2014,236000,3.0,Diesel,Automático,Hidráulica,Prata,4.0,9.0,Não,Hidráulica
95000,"Carros, Vans E Utilitários",Renault Oroch Pro 1.6 Flex 16v Mec.,Renault,Pick-up,2024,58000,1.6,Flex,Manual,Eletro-hidráulica,Branco,4.0,1.0,Não,5
30000,"Carros, Vans E Utilitários",Volkswagen Take 1.0 Total Flex 12v 5p,Volkswagen,Hatch,2016,216000,1.0,Flex,Manual,Mecânica,Branco,4.0,6.0,Não,Mecânica
137900,"Carros, Vans E Utilitários",Gwm 03 Skin (elétrico),Gwm,Hatch,2024,5523,1.8,Flex,Automático,Elétrica,Vermelho,4.0,5.0,Não,Elétrica
120000,"Carros, Vans E Utilitários",Chery Txs 1.6 Turbo Tgdi Aut,Chery,Suv,2021,68000,1.6,Gasolina,Automático,Elétrica,Prata,4.0,5.0,Não,Elétrica
117450,"Carros, Vans E Utilitários",Fiat Ranch 1.3 Flex 8v Cd Aut.,Fiat,Pick-up,2022,24377,1.3,Flex,Automático,Elétrica,Branco,4.0,5.0,Não,Elétrica
11000,"Carros, Vans E Utilitários",Dodge Sedan Luxo,Dodge,Coupé,1978,1231,3.0,Gasolina,Manual,Mecânica,Branco,2.0,4.0,Não,Mecânica
372000,"Carros, Vans E Utilitários",Toyota Sw4 Srx Plat. 4x4 2.8 Tb Die. Aut.,Toyota,Suv,2025,21500,2.0,Diesel,Automático,Hidráulica,Branco,4.0,5.0,Não,Hidráulica
47000,"Carros, Vans E Utilitários",Volkswagen 1.0 Mi Fun/ Highway/ Sport 16v 2/4p,Volkswagen,Hatch,2002,250000,1.0,álcool,Manual,Hidráulica,Azul,4.0,5.0,Não,Hidráulica
52900,"Carros, Vans E Utilitários",Hyundai Premium 1.6 Flex 16v Aut.,Hyundai,Hatch,2015,91000,1.6,Flex,Automático,Hidráulica,Cinza,4.0,7.0,Não,Hidráulica
35000,"Carros, Vans E Utilitários",Nissan S 1.6 16v Flex Fuel 5p,Nissan,Hatch,2014,105000,1.6,Flex,Manual,Elétrica,Prata,4.0,2.0,Não,Elétrica
66900,"Carros, Vans E Utilitários",Volkswagen Trendline 1.6 T.flex 8v,Volkswagen,Pick-up,2019,78185,1.6,Flex,Manual,Hidráulica,Branco,2.0,5.0,Não,Hidráulica
69900,"Carros, Vans E Utilitários",Chevrolet Hatch Ltz 1.0 12v Tb Flex Mec. 4p,Chevrolet,Hatch,2020,55200,1.0,Flex,Manual,Elétrica,Outra,4.0,4.0,Não,Elétrica
31900,"Carros, Vans E Utilitários",Volkswagen Sedan 1.6 Mi Total Flex 8v 4p,Volkswagen,Sedã,2010,167000,1.6,Flex,Automático,Hidráulica,Prata,4.0,5.0,Não,Hidráulica
30000,"Carros, Vans E Utilitários",Honda Sedan Lxs 1.8/1.8 Flex 16v Aut. 4p,Honda,Sedã,2008,200000,1.8,Flex,Automático,Hidráulica,Cinza,4.0,4.0,Não,Hidráulica
13000,"Carros, Vans E Utilitários",Chevrolet 1.0/ Super 1.0 Mpfi Vhc 8v 5p,Chevrolet,Hatch,2003,183618,1.6,Gasolina,Manual,Mecânica,Outra,4.0,5.0,Não,Mecânica
124000,"Carros, Vans E Utilitários",Honda Exl 1.8 Flexone 16v 5p Aut.,Honda,Suv,2021,29162,1.8,Flex,Automático,Elétrica,Vermelho,4.0,4.0,Não,Elétrica
25000,"Carros, Vans E Utilitários",Volkswagen City (trend) 1.0 Mi Total Flex 8v 2p,Volkswagen,Hatch,2013,190000,1.0,Flex,Manual,Hidráulica,Branco,2.0,5.0,Não,Hidráulica
98000,"Carros, Vans E Utilitários",Citroen Feel 1.0 Flex Tb 200 5p Aut.,Citroen,Coupé,2025,11000,1.0,Flex,Automático,Eletro-hidráulica,Cinza,4.0,5.0,Não,5
26500,"Carros, Vans E Utilitários",Ford 1.0 8v Flex/class 1.0 8v Flex 5p,Ford,Hatch,2011,0,1.0,Flex,Manual,Mecânica,Branco,4.0,5.0,Não,Mecânica
40000,"Carros, Vans E Utilitários",Volkswagen Highline1.6 Flex 16v 5p,Volkswagen,Hatch,2015,120000,1.6,Flex,Manual,Elétrica,Azul,4.0,5.0,Não,Elétrica
21900,"Carros, Vans E Utilitários",Peugeot Xr Sport 1.4 Flex 8v 5p,Peugeot,Hatch,2009,152000,1.4,Flex,Manual,Hidráulica,Prata,4.0,5.0,Não,Hidráulica
85000,"Carros, Vans E Utilitários",Toyota Gli 1.8 Flex 16v Aut.,Toyota,Sedã,2018,105000,1.8,Flex,Automático,Elétrica,Prata,4.0,5.0,Não,Elétrica
142900,"Carros, Vans E Utilitários",Volkswagen Comfortline 1.0 Tsi Flex 5p Aut.,Volkswagen,Suv,2025,7000,1.0,Flex,Automático,Hidráulica,Cinza,4.0,2.0,Não,Hidráulica
115090,"Carros, Vans E Utilitários",Nissan Advance 1.6 16v Flex Aut,Nissan,Suv,2024,22000,1.6,Flex,Automático,Elétrica,Cinza,4.0,5.0,Não,Elétrica
103990,"Carros, Vans E Utilitários",Fiat Audace 1.0 Turbo 200 Flex Aut.,Fiat,Hatch,2024,28300,1.0,Flex,Automático,Elétrica,Branco,4.0,5.0,Não,Elétrica
149998,"Carros, Vans E Utilitários",Volkswagen Gti 2.0 Tsi 220cv Aut.,Volkswagen,Hatch,2017,75000,2.0,Flex,Automático,Hidráulica,Preto,4.0,5.0,Não,Hidráulica
79900,"Carros, Vans E Utilitários",Fiat Drive 1.0 6v,Fiat,Sedã,2024,31092,1.0,Flex,Manual,Elétrica,Branco,4.0,2.0,Não,Elétrica
104900,"Carros, Vans E Utilitários",Bmw Xdrive 20i 2.0/x-line Bi-tb Flex Aut.,Bmw,Suv,2015,111915,2.0,Flex,Automático,Eletro-hidráulica,Branco,4.0,3.0,Não,5
359900,"Carros, Vans E Utilitários",Volvo T-8 Plus 2.0 Awd (híbrido),Volvo,Suv,2023,33500,2.0,Híbrido,Automático,Elétrica,Branco,4.0,2.0,Não,Elétrica
39900,"Carros, Vans E Utilitários",Fiat Essence Dualogic 1.6 Flex 16v 5p,Fiat,Hatch,2014,53000,1.6,Flex,Automático,Hidráulica,Prata,4.0,0.0,Não,Hidráulica
65900,"Carros, Vans E Utilitários",Fiat 1.0 6v Flex.,Fiat,Hatch,2023,45124,1.0,Flex,Manual,Elétrica,Cinza,4.0,1.0,Não,Elétrica
41000,"Carros, Vans E Utilitários",Peugeot Allure 2.0 Flex 16v 5p Aut.,Peugeot,Hatch,2014,173000,2.0,Flex,Automático,Eletro-hidráulica,Prata,4.0,5.0,Não,5
74990,"Carros, Vans E Utilitários",Nissan Active S 1.6 16v Flex Aut.,Nissan,Hatch,2018,61053,1.6,Flex,Manual,Elétrica,Vermelho,4.0,7.0,Não,Elétrica
88990,"Carros, Vans E Utilitários",Jeep Longitude 2.0 4x2 Flex 16v Aut.,Jeep,Hatch,2018,77398,2.0,Flex,Automático,Elétrica,Branco,4.0,9.0,Não,Elétrica
142990,"Carros, Vans E Utilitários",Toyota Cross Xr 2.0 16v Flex Aut,Toyota,Hatch,2024,20210,2.0,Flex,Automático,Elétrica,Cinza,4.0,2.0,Não,Elétrica
80990,"Carros, Vans E Utilitários",Hyundai Evolution 1.6 Flex 16v Aut,Hyundai,Hatch,2021,57898,1.6,Flex,Automático,Elétrica,Branco,4.0,8.0,Não,Elétrica
65990,"Carros, Vans E Utilitários",Chery Act 1.5 16v Flex Aut.5p,Chery,Hatch,2019,56890,1.5,Flex,Automático,Elétrica,Branco,4.0,3.0,Não,Elétrica
44990,"Carros, Vans E Utilitários",Chevrolet Hatch Lt 1.4 8v Flexpower 5p Mec.,Chevrolet,Hatch,2014,154000,1.4,Flex,Manual,Hidráulica,Vermelho,4.0,9.0,Não,Hidráulica
30000,"Carros, Vans E Utilitários",Volkswagen Turbo 1.8 Mec.,Volkswagen,Sedã,2001,257000,1.8,Gasolina,Manual,Hidráulica,Azul,4.0,5.0,Não,Hidráulica
148000,"Carros, Vans E Utilitários",Toyota Cd 4x4 2.8 Diesel Mec.,Toyota,Pick-up,2020,123000,2.0,Diesel,Manual,Elétrica,Branco,4.0,0.0,Não,Elétrica
25000,"Carros, Vans E Utilitários",Volkswagen (álcool),Volkswagen,Hatch,1980,100000,1.3,Gasolina,Manual,Mecânica,Branco,2.0,5.0,Não,Mecânica
278000,"Carros, Vans E Utilitários",Toyota Sw4 Srx 4x4 2.8 Tdi 16v Dies. Aut.,Toyota,Pick-up,2022,92000,2.0,Diesel,Automático,Hidráulica,Prata,4.0,6.0,Não,Hidráulica
145000,"Carros, Vans E Utilitários",Honda Exl 1.5 Sensing 16v 5p Aut.,Honda,Suv,2023,45200,1.5,Flex,Automático,Elétrica,Azul,4.0,5.0,Não,Elétrica
35000,"Carros, Vans E Utilitários",Ford 4wd 2.0/ 2.0 Flex 16v 5p,Ford,Suv,2008,96000,2.0,Flex,Manual,Hidráulica,Vermelho,4.0,5.0,Não,Hidráulica
36900,"Carros, Vans E Utilitários",Ford Se 1.6 16v Flex 5p,Ford,Hatch,2012,170000,1.6,Flex,Manual,Elétrica,Branco,4.0,8.0,Não,Elétrica
67500,"Carros, Vans E Utilitários",Toyota Xl Live Sedan 1.5 Flex 16v 4p Aut,Toyota,Sedã,2021,90000,1.5,Flex,Automático,Elétrica,Branco,4.0,5.0,Não,Elétrica
16900,"Carros, Vans E Utilitários",Volkswagen 2.0 Mi 2p E 4p,Volkswagen,Sedã,2001,160000,2.0,Gasolina,Manual,Hidráulica,Cinza,4.0,5.0,Não,Hidráulica
24000,"Carros, Vans E Utilitários",Volkswagen Trend 1.6 Mi Total Flex 8v 4p,Volkswagen,Sedã,2010,150000,1.6,Flex,Manual,Hidráulica,Outra,4.0,5.0,Não,Hidráulica
28000,"Carros, Vans E Utilitários",Renault Intense 1.0 Flex 12v 5p Mec.,Renault,Hatch,2025,26000,1.0,Flex,Manual,Elétrica,Prata,4.0,5.0,Não,Elétrica
89500,"Carros, Vans E Utilitários",Chevrolet Hatch Premier 1.0 12v Tb Flex Aut. 4p,Chevrolet,Hatch,2023,50000,1.0,Flex,Automático,Elétrica,Cinza,4.0,0.0,Não,Elétrica
38900,"Carros, Vans E Utilitários",Fiat Attractive 1.4 Fire Flex 8v 5p,Fiat,Hatch,2011,204000,1.4,Flex,Manual,Hidráulica,Vermelho,4.0,0.0,Não,Hidráulica
32990,"Carros, Vans E Utilitários",Chevrolet Cd 2.2 16v / 2.0 16v Mec./aut.,Chevrolet,Sedã,2000,79100,2.0,Gasolina,Manual,Hidráulica,Cinza,4.0,8.0,Não,Hidráulica
125900,"Carros, Vans E Utilitários",Mitsubishi Hpe Full 3.2 4x4 T.i.dies. 5p Aut,Mitsubishi,Suv,2014,255000,3.0,Diesel,Automático,Hidráulica,Preto,4.0,9.0,Não,Hidráulica
75900,"Carros, Vans E Utilitários",Chevrolet Hatch Lt 1.0 12v Flex Mec. 4p,Chevrolet,Hatch,2024,40000,1.0,Flex,Manual,Elétrica,Azul,4.0,2.0,Não,Elétrica
29999,"Carros, Vans E Utilitários",Chevrolet Life/ls 1.0 Vhc Flexp. 4p,Chevrolet,Hatch,2015,104000,1.6,Flex,Manual,Elétrica,Branco,4.0,5.0,Não,Elétrica
64990,"Carros, Vans E Utilitários",Peugeot Allure Pack 1.6 Flex 16v Aut.,Peugeot,Suv,2022,48000,1.6,Flex,Automático,Elétrica,Preto,4.0,5.0,Não,Elétrica
37000,"Carros, Vans E Utilitários",Fiat Cult 1.4 Flex 8v Evo Dualogic,Fiat,Hatch,2012,127000,1.4,Flex,Manual,Elétrica,Branco,2.0,5.0,Não,Elétrica
49900,"Carros, Vans E Utilitários",Renault Zen Flex 1.0 12v 5p Mec.,Renault,Hatch,2020,150000,1.0,Flex,Manual,Eletro-hidráulica,Outra,4.0,5.0,Não,5
42990,"Carros, Vans E Utilitários",Chevrolet Lt 1.8 8v Econo.flex 5p Aut.,Chevrolet,Van/utilitário,2026,150000,1.6,Flex,Automático,Hidráulica,Branco,4.0,5.0,Não,Hidráulica
23500,"Carros, Vans E Utilitários",Fiat 1.0 Economy Fire Flex 8v 4p,Fiat,Hatch,2010,130000,1.0,Flex,Manual,Mecânica,Outra,4.0,5.0,Não,Mecânica
67500,"Carros, Vans E Utilitários",Fiat 1.0 6v Flex.,Fiat,Hatch,2024,16000,1.0,Flex,Manual,Elétrica,Prata,4.0,5.0,Não,Elétrica
14900,"Carros, Vans E Utilitários",Ford Sed. 1.6 8v Flex 4p,Ford,Sedã,2005,160000,1.6,Flex,Manual,Hidráulica,Outra,4.0,5.0,Não,Hidráulica
85900,"Carros, Vans E Utilitários",Citroen Feel Pack 1.6 16v Flex Aut,Citroen,Hatch,2022,53000,1.6,Flex,Automático,Elétrica,Branco,4.0,0.0,Não,Elétrica
65000,"Carros, Vans E Utilitários",Volkswagen Gti 2.0,Volkswagen,Hatch,1995,95000,2.0,Gasolina,Manual,Hidráulica,Preto,4.0,0.0,Não,Hidráulica
94990,"Carros, Vans E Utilitários",Fiat Audace 1.0 Turbo 200 Flex Aut.,Fiat,Hatch,2022,33512,1.3,Flex,Automático,Elétrica,Preto,4.0,1.0,Não,Elétrica
86900,"Carros, Vans E Utilitários",Jeep Longitude 2.0 4x2 Flex 16v Aut.,Jeep,Suv,2018,54600,2.0,Flex,Automático,Elétrica,Branco,4.0,7.0,Não,Elétrica
59000,"Carros, Vans E Utilitários",Chevrolet Ltz 1.0 Turbo 12v Flex Aut,Chevrolet,Suv,2021,123000,1.0,Flex,Automático,Elétrica,Outra,4.0,4.0,Não,Elétrica
59990,"Carros, Vans E Utilitários",Peugeot Allure 1.6 Flex 16v 5p Aut.,Peugeot,Hatch,2017,40470,1.6,Flex,Automático,Elétrica,Branco,4.0,5.0,Não,Elétrica
55000,"Carros, Vans E Utilitários",Hyundai 2.0 16v Flex Aut.,Hyundai,Suv,2017,42000,2.0,Flex,Automático,Hidráulica,Preto,4.0,8.0,Não,Hidráulica
42500,"Carros, Vans E Utilitários",Volkswagen (novo) 1.0 Mi Total Flex 8v 4p,Volkswagen,Hatch,2014,89000,1.0,Flex,Manual,Hidráulica,Prata,4.0,3.0,Não,Hidráulica
179000,"Carros, Vans E Utilitários",Mercedes-benz 3.5 V6 Bi-turbo 333cv Aut.,Mercedes-benz,Sedã,2016,101000,3.0,Gasolina,Automático,Elétrica,Preto,4.0,3.0,Não,Elétrica
147000,"Carros, Vans E Utilitários",Toyota Xei 2.0 Flex 16v Aut.,Toyota,Sedã,2023,12000,2.0,Flex,Automático,Elétrica,Preto,4.0,1.0,Não,Elétrica
40000,"Carros, Vans E Utilitários",Volkswagen 1.0 Mi Total Flex 8v 5p,Volkswagen,Hatch,2014,75000,1.0,Flex,Manual,Hidráulica,Vermelho,4.0,5.0,Não,Hidráulica
113000,"Carros, Vans E Utilitários",Land Rover Sport Hse L. 2.2 4x4 Die. Aut.,Land Rover,Suv,2017,16800,2.0,Diesel,Automático,Elétrica,Azul,4.0,5.0,Não,Elétrica
75900,"Carros, Vans E Utilitários",Ford Xls 2.5 16v 4x2 Cs,Ford,Hatch,2013,244108,2.0,Flex,Manual,Mecânica,Prata,2.0,8.0,Não,Mecânica
65000,"Carros, Vans E Utilitários",Mercedes-benz Cgi Sport 1.6 Tb 16v 156cv Aut.,Mercedes-benz,Sedã,2014,155000,1.6,Gasolina,Automático,Elétrica,Branco,4.0,0.0,Não,Elétrica
92900,"Carros, Vans E Utilitários",Volkswagen Pepper 1.0 Tsi L Flex 12v 5p,Volkswagen,Hatch,2019,18300,1.0,Flex,Manual,Hidráulica,Preto,4.0,1.0,Não,Hidráulica
31500,"Carros, Vans E Utilitários",Ford 1.0 Se/se Plus Tivct Flex 5p,Ford,Hatch,2016,130000,1.6,Flex,Manual,Elétrica,Prata,4.0,5.0,Não,Elétrica
25500,"Carros, Vans E Utilitários",Chevrolet Lt 1.4 Mpfi 8v Flexpower 5p,Chevrolet,Hatch,2011,186000,1.6,Flex,Manual,Hidráulica,Prata,4.0,5.0,Não,Hidráulica
42900,"Carros, Vans E Utilitários",Ford 1.0 Se/se Plus Tivct Flex 5p,Ford,Hatch,2018,172000,1.0,Flex,Manual,Elétrica,Preto,4.0,9.0,Não,Elétrica
69990,"Carros, Vans E Utilitários",Chevrolet Hatch Premier 1.0 12v Tb Flex Aut. 4p,Chevrolet,Hatch,2020,19000,1.0,Flex,Automático,Elétrica,Outra,4.0,5.0,Não,Elétrica
32900,"Carros, Vans E Utilitários",Volkswagen Geração V Rallye 1.6 8v Mi Total Flex Mec. 4p,Volkswagen,Hatch,2011,129000,1.0,Flex,Manual,Hidráulica,Vermelho,4.0,7.0,Não,Hidráulica
67900,"Carros, Vans E Utilitários",Mitsubishi Hl 2.0 16v 160cv Aut.,Mitsubishi,Sedã,2019,91000,2.0,Gasolina,Automático,Hidráulica,Preto,4.0,5.0,Não,Hidráulica
98900,"Carros, Vans E Utilitários",Honda Sedan Exl 2.0 Flex 16v Aut.4p,Honda,Sedã,2017,89000,2.0,Flex,Automático,Elétrica,Preto,4.0,6.0,Não,Elétrica
24000,"Carros, Vans E Utilitários",Nissan 1.0 16v Flex Fuel 5p,Nissan,Hatch,2012,251000,1.6,Flex,Manual,Elétrica,Prata,4.0,5.0,Não,Elétrica
36000,"Carros, Vans E Utilitários",Hyundai Comf./c.plus/c.style 1.0 Flex 12v,Hyundai,Hatch,2013,115000,1.0,Flex,Manual,Hidráulica,Preto,4.0,2.0,Não,Hidráulica
86000,"Carros, Vans E Utilitários",Volkswagen Trendline Cd 2.0 16v Tdi 4x4 Dies,Volkswagen,Pick-up,2014,220000,2.0,Diesel,Manual,Hidráulica,Prata,4.0,9.0,Não,Hidráulica
32500,"Carros, Vans E Utilitários",Nissan Sv 1.6 16v Flex Fuel,Nissan,Hatch,2013,132000,1.6,Flex,Manual,Elétrica,Outra,4.0,2.0,Não,Elétrica
63000,"Carros, Vans E Utilitários",Honda Sedan Ex 1.5 Flex 16v 4p Aut.,Honda,Sedã,2014,53134,1.5,Flex,Automático,Elétrica,Cinza,4.0,5.0,Não,Elétrica
242000,"Carros, Vans E Utilitários",Toyota Cd Srx 4x4 2.8 Tdi 16v Diesel Aut.,Toyota,Pick-up,2022,117000,2.0,Diesel,Automático,Hidráulica,Prata,4.0,5.0,Não,Hidráulica
63500,"Carros, Vans E Utilitários",Honda Sedan Lxr 2.0 Flexone 16v Aut. 4p,Honda,Sedã,2014,200000,2.0,Flex,Automático,Elétrica,Prata,4.0,5.0,Não,Elétrica
51000,"Carros, Vans E Utilitários",Fiat Drive 1.0 6v Flex,Fiat,Hatch,2019,99000,1.0,Flex,Manual,Elétrica,Prata,4.0,5.0,Não,Elétrica
175000,"Carros, Vans E Utilitários",Hyundai 2.5 Tci Diesel (rs/rd),Hyundai,Van/utilitário,2021,142464,2.0,Diesel,Manual,Hidráulica,Branco,2.0,9.0,Não,Hidráulica
45000,"Carros, Vans E Utilitários",Mitsubishi Sport Hpe 2.5 4x4 Cd Dti Dies. Mec.,Mitsubishi,Pick-up,2006,150000,2.0,Diesel,Manual,Hidráulica,Branco,4.0,5.0,Não,Hidráulica
10000,"Carros, Vans E Utilitários",Volkswagen Geração V 1.0 8v Mi Total Flex Mec. 4p,Volkswagen,Hatch,2010,0,1.0,Flex,Manual,Mecânica,Branco,4.0,5.0,Não,Mecânica
34000,"Carros, Vans E Utilitários",Fiat Attractive 1.4 Fire Flex 8v 5p,Fiat,Suv,2013,136000,1.4,Flex,Manual,Elétrica,Azul,4.0,5.0,Não,Elétrica
10000,"Carros, Vans E Utilitários",Ford Gl 1.0i Zetec Rocam,Ford,Hatch,2002,128000,1.0,Flex,Manual,Hidráulica,Azul,2.0,5.0,Não,Hidráulica
54000,"Carros, Vans E Utilitários",Fiat Working Hard 1.4 Fire Flex 8v Cd,Fiat,Pick-up,2016,140000,1.4,Flex,Manual,Hidráulica,Branco,2.0,1.0,Não,Hidráulica
27000,"Carros, Vans E Utilitários",Chevrolet Super 1.6 Mpfi 8v 5p,Chevrolet,Hatch,2001,200000,1.6,Gasolina,Manual,Hidráulica,Prata,4.0,5.0,Não,Hidráulica
25000,"Carros, Vans E Utilitários",Volkswagen 1300,Volkswagen,Hatch,1976,50000,1.3,Gasolina,Manual,Mecânica,Azul,2.0,3.0,Não,Mecânica
52990,"Carros, Vans E Utilitários",Peugeot Allure 1.6 Flex 16v 5p Aut.,Peugeot,Suv,2018,89000,1.6,Flex,Automático,Elétrica,Prata,4.0,2.0,Não,Elétrica
26500,"Carros, Vans E Utilitários",Fiat Drive 1.0 Flex 6v 5p,Fiat,Hatch,2018,260000,1.0,Flex,Manual,Elétrica,Outra,4.0,5.0,Não,Elétrica
23500,"Carros, Vans E Utilitários",Fiat Celebration 1.0 Fire Flex 8v 4p,Fiat,Hatch,2008,272000,1.0,Flex,Manual,Mecânica,Outra,4.0,7.0,Não,Mecânica
54900,"Carros, Vans E Utilitários",Ford 1.0 Se/se Plus Tivct Flex 5p,Ford,Hatch,2021,51000,1.0,Flex,Manual,Elétrica,Prata,4.0,5.0,Não,Elétrica
25000,"Carros, Vans E Utilitários",Fiat 1.0 Cel. Econ./italia F.flex 8v 4p,Fiat,Hatch,2010,100,1.0,Flex,Manual,Hidráulica,Cinza,4.0,6.0,Não,Hidráulica
72990,"Carros, Vans E Utilitários",Ford 1.0 Se/se Plus Tivct Flex 5p,Ford,Hatch,2018,63128,1.0,Flex,Manual,Elétrica,Branco,4.0,8.0,Não,Elétrica
36900,"Carros, Vans E Utilitários",Volkswagen Trendline 1.6 T.flex 8v 4p,Volkswagen,Sedã,2017,110500,1.6,Flex,Manual,Hidráulica,Prata,4.0,4.0,Não,Hidráulica
80999,"Carros, Vans E Utilitários",Mercedes-benz 200 Adv. 1.6/1.6 Tb 16v Flex Aut.,Mercedes-benz,Suv,2017,91800,1.6,Flex,Automático,Elétrica,Branco,4.0,5.0,Não,Elétrica
89999,"Carros, Vans E Utilitários",Hyundai Plat. Safety 1.0 Tb Flex 12v Aut.,Hyundai,Hatch,2025,13000,1.0,Flex,Automático,Hidráulica,Cinza,4.0,5.0,Não,Hidráulica
100000,"Carros, Vans E Utilitários",Mitsubishi Triton Sport Gls 2.4 Cd Diesel Aut.,Mitsubishi,Pick-up,2021,120000,2.0,Diesel,Automático,Elétrica,Cinza,4.0,7.0,Não,Elétrica
7500,"Carros, Vans E Utilitários",Ford 1.0i 3p,Ford,Hatch,2004,135000,1.0,Flex,Manual,Elétrica,Outra,2.0,0.0,Não,Elétrica
58900,"Carros, Vans E Utilitários",Ford 1.5 Se Plus 12v Flex 5p Aut.,Ford,Hatch,2020,57574,1.5,Flex,Automático,Elétrica,Prata,4.0,8.0,Não,Elétrica
86000,"Carros, Vans E Utilitários",Jeep Sport 2.0 4x2 Flex 16v Aut.,Jeep,Suv,2018,69800,2.0,Flex,Automático,Elétrica,Preto,4.0,5.0,Não,Elétrica
85000,"Carros, Vans E Utilitários",Fiat Volcano 2.0 16v 4x4 Tb Diesel Aut.,Fiat,Hatch,2017,220000,1.6,Diesel,Automático,Elétrica,Vermelho,4.0,5.0,Não,Elétrica
38900,"Carros, Vans E Utilitários",Hyundai Comf./c.plus/c.style 1.0 Flex 12v,Hyundai,Hatch,2014,89000,1.0,Flex,Manual,Hidráulica,Prata,4.0,9.0,Não,Hidráulica
75000,"Carros, Vans E Utilitários",Volkswagen Se Cd 2.0 16v Tdi 4x4 Diesel,Volkswagen,Pick-up,2016,138801,2.0,Diesel,Automático,Hidráulica,Outra,4.0,5.0,Não,Hidráulica
18000,"Carros, Vans E Utilitários",Chevrolet Life/ls 1.0 Vhc Flexp. 4p,Chevrolet,Hatch,2010,110000,1.6,Flex,Manual,Mecânica,Outra,4.0,5.0,Não,Mecânica
78000,"Carros, Vans E Utilitários",Fiat Freedom 1.3 Flex 8v Cs Plus,Fiat,Pick-up,2022,107000,1.3,Flex,Manual,Elétrica,Branco,2.0,5.0,Não,Elétrica
88750,"Carros, Vans E Utilitários",Peugeot Allure 1.6 Flex 16v 5p Aut.,Peugeot,Suv,2024,23500,1.6,Flex,Automático,Elétrica,Preto,4.0,7.0,Não,Elétrica
38990,"Carros, Vans E Utilitários",Renault Zen 1.0 Flex 12v 5p Mec.,Renault,Hatch,2021,80000,1.0,Flex,Manual,Elétrica,Branco,4.0,5.0,Não,Elétrica
72500,"Carros, Vans E Utilitários",Volkswagen 1.0 Mpi Flex 12v 5p,Volkswagen,Hatch,2023,18000,1.0,Flex,Manual,Elétrica,Branco,4.0,5.0,Não,Elétrica
79900,"Carros, Vans E Utilitários",Nissan Sl 1.6 16v Flexstar 5p Aut.,Nissan,Suv,2019,60166,1.6,Flex,Automático,Elétrica,Branco,4.0,3.0,Não,Elétrica
16000,"Carros, Vans E Utilitários",Volkswagen 1.6 Mi/ 1.6 Mi Total Flex 8v,Volkswagen,Hatch,2001,270000,1.6,álcool,Automático,Elétrica,Branco,4.0,5.0,Não,Elétrica
71000,"Carros, Vans E Utilitários",Honda Sedan Ex 1.5 Flex 16v 4p Aut.,Honda,Sedã,2016,116000,1.5,Flex,Automático,Hidráulica,Prata,4.0,5.0,Não,Hidráulica
64900,"Carros, Vans E Utilitários",Honda Sedan Lx 1.5 Flex 16v 4p Aut.,Honda,Sedã,2015,92000,1.6,Flex,Automático,Elétrica,Branco,4.0,5.0,Não,Elétrica
79999,"Carros, Vans E Utilitários",Volkswagen Cc 2.0 Tsi 211cv Tiptronic,Volkswagen,Coupé,2014,198000,2.0,Gasolina,Automático,Elétrica,Preto,4.0,4.0,Não,Elétrica
96900,"Carros, Vans E Utilitários",Chevrolet Lt 1.8 8v Econo.flex 5p Aut.,Chevrolet,Suv,2024,58000,1.8,Flex,Automático,Elétrica,Branco,4.0,6.0,Não,Elétrica
279900,"Carros, Vans E Utilitários",Land Rover Velar R-dyn. Hse 3.0 4x4 V6 Aut,Land Rover,Suv,2020,60000,3.0,Gasolina,Automático,Elétrica,Prata,4.0,5.0,Não,Elétrica
8000,"Carros, Vans E Utilitários",Renault Sed.rn/alize/botic./exp.1.0 Hi-pow.,Renault,Sedã,2003,150000,1.6,Flex,Manual,Hidráulica,Cinza,4.0,5.0,Não,Hidráulica
91900,"Carros, Vans E Utilitários",Renault Intense 1.6 16v Flex Mec,Renault,Suv,2023,70000,1.6,Flex,Manual,Elétrica,Outra,4.0,1.0,Não,Elétrica
44900,"Carros, Vans E Utilitários",Chevrolet 2.0 16v 128cv Mpfi 4x4 5p,Chevrolet,Suv,2009,223000,2.0,Gasolina,Manual,Hidráulica,Prata,4.0,1.0,Não,Hidráulica
299890,"Carros, Vans E Utilitários",Byd 4x4 (elétrico),Byd,Suv,2023,17000,4.0,Elétrico,Automático,Elétrica,Preto,4.0,5.0,Não,Elétrica
2999,"Carros, Vans E Utilitários",Volkswagen 1000 Mi 2p / 1000i,Volkswagen,Hatch,1997,125855,1.0,álcool,Manual,Mecânica,Preto,4.0,5.0,Não,Mecânica
129900,"Carros, Vans E Utilitários",Volkswagen 1.0 Tsi Flex 12v 5p Aut.,Volkswagen,Hatch,2025,8075,1.0,Flex,Automático,Elétrica,Branco,4.0,7.0,Não,Elétrica
55000,"Carros, Vans E Utilitários",Volkswagen Cd2.0 16v/s Cd2.0 16v Tdi 4x4 Die,Volkswagen,Pick-up,2012,151000,2.0,Diesel,Manual,Hidráulica,Prata,4.0,5.0,Não,Hidráulica
26500,"Carros, Vans E Utilitários",Chevrolet Life/ls 1.0 Vhc Flexp. 4p,Chevrolet,Sedã,2015,115796,1.0,Flex,Manual,Mecânica,Branco,4.0,0.0,Não,Mecânica
30500,"Carros, Vans E Utilitários",Renault Authentique Hi-flex 1.0 16v 5p,Renault,Hatch,2014,197000,1.0,Flex,Manual,Hidráulica,Branco,4.0,3.0,Não,Hidráulica
129900,"Carros, Vans E Utilitários",Toyota Xei 2.0 Flex 16v Aut.,Toyota,Sedã,2023,70000,2.0,Flex,Automático,Elétrica,Prata,4.0,9.0,Não,Elétrica
110000,"Carros, Vans E Utilitários",Volkswagen Highline 1.0 200 Tsi Flex Aut,Volkswagen,Suv,2021,56000,1.0,Flex,Automático,Elétrica,Cinza,4.0,8.0,Não,Elétrica
13000,"Carros, Vans E Utilitários",Honda Sedan Lx/lxl 1.7 16v 115cv Aut. 4p,Honda,Hatch,2001,240,1.7,Gasolina,Automático,Hidráulica,Prata,4.0,5.0,Não,Hidráulica
66399,"Carros, Vans E Utilitários",Chevrolet Hatch Ltz 1.4 8v Flex Power Mec. 4p,Chevrolet,Hatch,2019,95872,1.6,Flex,Manual,Hidráulica,Cinza,4.0,7.0,Não,Hidráulica
66399,"Carros, Vans E Utilitários",Chevrolet Hatch Ltz 1.4 8v Flex Mec. 4p,Chevrolet,Hatch,2019,95872,1.6,Flex,Manual,Hidráulica,Cinza,4.0,7.0,Não,Hidráulica
66399,"Carros, Vans E Utilitários",Chevrolet Hatch Ltz 1.4 8v Flex Mec. 4p,Chevrolet,Hatch,2019,95872,1.6,Flex,Manual,Hidráulica,Cinza,4.0,7.0,Não,Hidráulica
169900,"Carros, Vans E Utilitários",Chevrolet Pick-up Lt 2.8 Tdi 4x4 Cd Diesel Aut,Chevrolet,Pick-up,2023,119000,2.0,Diesel,Automático,Elétrica,Prata,4.0,4.0,Não,Elétrica
160900,"Carros, Vans E Utilitários",Toyota Altis Prem. Hybrid 1.8 Flex Aut,Toyota,Sedã,2023,93241,1.8,Híbrido,Automático,Elétrica,Cinza,4.0,1.0,Não,Elétrica
143900,"Carros, Vans E Utilitários",Fiat Volcano 1.3 T270 4x2 Flex Aut,Fiat,Pick-up,2024,31000,1.3,Flex,Automático,Elétrica,Prata,4.0,5.0,Não,Elétrica
89900,"Carros, Vans E Utilitários",Ford Xlt 2.5 16v 4x2 Cd Flex,Ford,Pick-up,2014,109000,2.0,Flex,Manual,Hidráulica,Branco,4.0,0.0,Não,Hidráulica
71900,"Carros, Vans E Utilitários",Peugeot Allure Pack 1.6 Flex 16v Aut.,Peugeot,Suv,2022,74000,1.6,Flex,Automático,Elétrica,Branco,4.0,7.0,Não,Elétrica
153900,"Carros, Vans E Utilitários",Toyota Sw4 Srv D4-d 4x4 3.0 Tdi Dies. Aut,Toyota,Suv,2015,162000,3.0,Diesel,Automático,Hidráulica,Outra,4.0,5.0,Não,Hidráulica
47800,"Carros, Vans E Utilitários",Ford Sedan 1.0 Tivct Flex 4p,Ford,Sedã,2019,130000,1.0,Flex,Manual,Elétrica,Prata,4.0,5.0,Não,Elétrica
73000,"Carros, Vans E Utilitários",Chevrolet Plus Lt 1.0 12v Tb Flex Aut. 4p,Chevrolet,Sedã,2022,41000,1.6,Flex,Automático,Elétrica,Prata,4.0,5.0,Não,Elétrica
39000,"Carros, Vans E Utilitários",Renault Intense 1.0 Flex 12v 5p Mec.,Renault,Hatch,2018,54000,1.0,Flex,Automático,Elétrica,Vermelho,4.0,5.0,Não,Elétrica
75900,"Carros, Vans E Utilitários",Volkswagen Standard 1.4 Mi Total Flex 8v,Volkswagen,Van/utilitário,2011,130000,1.4,Flex,Manual,Mecânica,Branco,4.0,5.0,Não,Mecânica
75000,"Carros, Vans E Utilitários",Chevrolet Hatch Premier 1.0 12v Tb Flex Aut. 4p,Chevrolet,Hatch,2021,49000,1.0,Flex,Automático,Elétrica,Prata,4.0,8.0,Não,Elétrica
86000,"Carros, Vans E Utilitários",Jeep Longitude 1.8 4x2 Flex 16v Aut.,Jeep,Suv,2021,50600,1.8,Flex,Automático,Elétrica,Vermelho,4.0,6.0,Não,Elétrica
90500,"Carros, Vans E Utilitários",Chevrolet 1.0 Turbo 12v Flex Mec,Chevrolet,Suv,2021,73100,1.0,Flex,Automático,Elétrica,Prata,4.0,1.0,Não,Elétrica
42000,"Carros, Vans E Utilitários",Ford 1.0 S Tivct Flex 5p,Ford,Hatch,2019,152000,1.0,Flex,Manual,Elétrica,Prata,4.0,7.0,Não,Elétrica
48500,"Carros, Vans E Utilitários",Ford 1.6 S/se/se Plus Flex 8v/16v 5p,Ford,Hatch,2015,122400,1.6,Flex,Manual,Elétrica,Azul,4.0,8.0,Não,Elétrica
56000,"Carros, Vans E Utilitários",Audi 2.0 16v Tfsi 183/180cv Multitronic,Audi,Sedã,2011,132000,2.0,Gasolina,Automático,Hidráulica,Prata,4.0,5.0,Não,Hidráulica
229800,"Carros, Vans E Utilitários",Mercedes-benz 250 Coupe 4matic 2.0 Tb 16v Aut.,Mercedes-benz,Suv,2019,70000,2.0,Gasolina,Automático,Elétrica,Branco,4.0,9.0,Não,Elétrica
609900,"Carros, Vans E Utilitários",Porsche Boxster 2.0 300cv,Porsche,Conversível,2024,6500,2.0,Gasolina,Automático,Elétrica,Azul,2.0,4.0,Não,Elétrica
193500,"Carros, Vans E Utilitários",Jeep Overland T270 1.3 Tb Flex Aut,Jeep,Suv,2023,26000,1.3,Flex,Automático,Elétrica,Outra,4.0,6.0,Não,Elétrica
289990,"Carros, Vans E Utilitários",Porsche 2.0 Turbo 237/252cv,Porsche,Suv,2020,75000,2.0,Gasolina,Automático,Elétrica,Azul,4.0,3.0,Não,Elétrica
18500,"Carros, Vans E Utilitários",Fiat 1.8/ 1.8 Sp/ Connect 16v 122cv 5p,Fiat,Hatch,2004,222244,1.6,Flex,Manual,Elétrica,Prata,4.0,5.0,Não,Elétrica
43000,"Carros, Vans E Utilitários",Chevrolet Sport 1.8 Mpfi Flexpower 8v,Chevrolet,Pick-up,2007,220000,1.8,Flex,Manual,Hidráulica,Vermelho,2.0,5.0,Não,Hidráulica
16000,"Carros, Vans E Utilitários",Mitsubishi Es,Mitsubishi,Hatch,1994,153000,1.6,Gasolina,Automático,Elétrica,Verde,4.0,5.0,Não,Elétrica
78800,"Carros, Vans E Utilitários",Jeep Std 1.8 4x2 Flex 16v Aut,Jeep,Suv,2021,70000,1.8,Flex,Automático,Elétrica,Cinza,4.0,9.0,Não,Elétrica
68900,"Carros, Vans E Utilitários",Fiat Endurance 1.4 Flex 8v Cs Plus,Fiat,Pick-up,2021,100226,1.4,Flex,Manual,Hidráulica,Branco,2.0,9.0,Não,Hidráulica
112000,"Carros, Vans E Utilitários",Volkswagen Highline 1.4 Tsi Flex 16v 5p Aut,Volkswagen,Suv,2022,46000,1.4,Flex,Automático,Elétrica,Outra,4.0,5.0,Não,Elétrica
77000,"Carros, Vans E Utilitários",Honda Exl 1.8 Flexone 16v 5p Aut.,Honda,Suv,2016,141000,1.8,Flex,Automático,Elétrica,Outra,4.0,5.0,Não,Elétrica
46500,"Carros, Vans E Utilitários",Fiat Sporting 1.6 Flex 16v 5p,Fiat,Hatch,2015,96000,1.6,Flex,Automático,Hidráulica,Branco,4.0,5.0,Não,Hidráulica
144900,"Carros, Vans E Utilitários",Volkswagen Highline Cd 3.0 4x4 Tb Dies. Aut.,Volkswagen,Pick-up,2020,93000,3.0,Diesel,Automático,Hidráulica,Prata,4.0,3.0,Não,Hidráulica
31000,"Carros, Vans E Utilitários",Chevrolet Sport Fwd 2.4 16v 171/185cv,Chevrolet,Suv,2009,130000,2.0,Gasolina,Automático,Elétrica,Outra,4.0,6.0,Não,Elétrica
49990,"Carros, Vans E Utilitários",Hyundai Comf./c.plus/c.style 1.0 Flex 12v,Hyundai,Hatch,2019,120000,1.0,Flex,Manual,Hidráulica,Prata,4.0,5.0,Não,Hidráulica
167990,"Carros, Vans E Utilitários",Honda Touring 2.0 16v 5p Aut.,Honda,Suv,2024,11112,2.0,Gasolina,Automático,Elétrica,Azul,4.0,1.0,Não,Elétrica
44800,"Carros, Vans E Utilitários",Renault Outsider 1.0 Flex 12v 5p Mec.,Renault,Hatch,2020,50,1.0,Flex,Manual,Elétrica,Branco,4.0,9.0,Não,Elétrica
24900,"Carros, Vans E Utilitários",Volkswagen Cli / Cl/ Atlanta 1.8,Volkswagen,Perua,1992,268,1.8,álcool,Manual,Mecânica,Prata,2.0,5.0,Não,Mecânica
83900,"Carros, Vans E Utilitários",Chery 6 Gsx 1.5 Turbo Flex Aut,Chery,Sedã,2021,63000,1.5,Flex,Automático,Elétrica,Preto,4.0,3.0,Não,Elétrica
10900,"Carros, Vans E Utilitários",Chevrolet 2.0 8v/ Cd 2.0 8v Hatchback 5p Mec,Chevrolet,Sedã,2004,123258,2.0,Gasolina,Automático,Hidráulica,Cinza,4.0,5.0,Não,Hidráulica
48800,"Carros, Vans E Utilitários",Kia Motors 1.6/ 1.6 16v Flex Aut.,Kia Motors,Suv,2013,113000,1.6,Flex,Automático,Elétrica,Branco,4.0,5.0,Não,Elétrica
38500,"Carros, Vans E Utilitários",Chevrolet Ltz 1.4 8v Flexpower/econoflex 4p,Chevrolet,Sedã,2012,90000,1.4,Flex,Automático,Elétrica,Cinza,4.0,5.0,Não,Elétrica
79999,"Carros, Vans E Utilitários",Chevrolet Ltz 1.4 Turbo 16v Flex 4x2 Aut.,Chevrolet,Suv,2017,89900,1.4,Flex,Automático,Hidráulica,Branco,4.0,5.0,Não,Hidráulica
46900,"Carros, Vans E Utilitários",Ford 1.5 16v Flex Mec. 5p,Ford,Hatch,2016,94000,1.5,Flex,Automático,Elétrica,Vermelho,4.0,5.0,Não,Elétrica
28000,"Carros, Vans E Utilitários",Ford 1.6 8v Flex 3p,Ford,Hatch,2011,136000,1.6,Flex,Manual,Hidráulica,Prata,2.0,5.0,Não,Hidráulica
50000,"Carros, Vans E Utilitários",Fiat Like 1.0 Fire Flex 5p.,Fiat,Hatch,2022,64700,1.0,Flex,Manual,Hidráulica,Cinza,4.0,8.0,Não,Hidráulica
39900,"Carros, Vans E Utilitários",Hyundai Comf./c.plus/c.style 1.0 Flex 12v,Hyundai,Hatch,2014,139252,1.0,Flex,Manual,Hidráulica,Outra,4.0,5.0,Não,Hidráulica
33000,"Carros, Vans E Utilitários",Volkswagen Geração V 1.0 8v Mi Total Flex Mec. 4p,Volkswagen,Hatch,2012,79000,1.0,Flex,Manual,Hidráulica,Prata,4.0,6.0,Não,Hidráulica
25000,"Carros, Vans E Utilitários",Chevrolet Sed. Maxx 1.4 8v Econoflex 4p,Chevrolet,Sedã,2008,195000,1.4,Flex,Automático,Hidráulica,Prata,4.0,5.0,Não,Hidráulica
66900,"Carros, Vans E Utilitários",Volkswagen Comfort. 200 Tsi 1.0 Flex 12v Aut.,Volkswagen,Hatch,2018,108000,1.0,Flex,Automático,Elétrica,Preto,4.0,5.0,Não,Elétrica
54000,"Carros, Vans E Utilitários",Toyota Xli 1.8/1.8 Flex 16v Aut.,Toyota,Sedã,2011,240000,1.8,Flex,Automático,Elétrica,Outra,4.0,5.0,Não,Elétrica
79900,"Carros, Vans E Utilitários",Chevrolet Plus Premier 1.0 12v Tb Flex Aut. 4p,Chevrolet,Sedã,2021,100000,1.0,Flex,Automático,Elétrica,Preto,4.0,8.0,Não,Elétrica
146000,"Carros, Vans E Utilitários",Hyundai Plat. Safety 1.0 Tb 12v Flex Aut.,Hyundai,Suv,2024,13000,1.6,Flex,Automático,Elétrica,Prata,4.0,5.0,Não,Elétrica
85900,"Carros, Vans E Utilitários",Citroen Feel 1.6 16v Flex Aut.,Citroen,Suv,2023,32111,1.6,Flex,Automático,Elétrica,Cinza,4.0,7.0,Não,Elétrica
165500,"Carros, Vans E Utilitários",Mercedes-benz Classic 2.8,Mercedes-benz,Conversível,1985,100000,2.0,Gasolina,Manual,Hidráulica,Branco,4.0,8.0,Não,Hidráulica
210000,"Carros, Vans E Utilitários",Mercedes-benz 250 Coupe 4matic 2.0 Tb 16v Aut.,Mercedes-benz,Suv,2017,88000,2.0,Gasolina,Automático,Elétrica,Prata,4.0,2.0,Não,Elétrica
73490,"Carros, Vans E Utilitários",Hyundai Edição Especial 1.0 Tb Flex Aut.,Hyundai,Hatch,2023,72278,1.0,Flex,Automático,Elétrica,Prata,4.0,5.0,Não,Elétrica
189900,"Carros, Vans E Utilitários",Kia Motors Sx Prestige 1.6 Gdi (híbrido),Kia Motors,Suv,2024,20500,1.6,Híbrido,Automático,Elétrica,Outra,4.0,3.0,Não,Elétrica
208900,"Carros, Vans E Utilitários",Bmw Cabriolet Sport 2.0 Tb 184cv 2p,Bmw,Hatch,2015,102000,2.0,Gasolina,Automático,Elétrica,Vermelho,2.0,5.0,Não,Elétrica
39900,"Carros, Vans E Utilitários",Volkswagen 2.0/ 2.0 Mi Flex Comfortline/ Sport,Volkswagen,Hatch,2002,141000,2.0,Gasolina,Manual,Hidráulica,Prata,4.0,5.0,Não,Hidráulica
75900,"Carros, Vans E Utilitários",Bmw A,Bmw,Sedã,2011,71000,2.0,Gasolina,Automático,Hidráulica,Branco,4.0,9.0,Não,Hidráulica
115900,"Carros, Vans E Utilitários",Volkswagen Comfort. 200 Tsi 1.0 Flex 12v Aut,Volkswagen,Hatch,2024,26000,1.0,Flex,Automático,Elétrica,Prata,4.0,4.0,Não,Elétrica
38000,"Carros, Vans E Utilitários",Toyota 2.0 4x4 16v Aut.,Toyota,Suv,2005,93524,2.0,Gasolina,Automático,Hidráulica,Outra,4.0,1.0,Sim,Hidráulica
184900,"Carros, Vans E Utilitários",Mercedes-benz 250 4matic 2.0 Tb 16v Aut.,Mercedes-benz,Suv,2018,95000,2.0,Gasolina,Automático,Elétrica,Preto,4.0,1.0,Não,Elétrica
88900,"Carros, Vans E Utilitários",Fiat Endurence 1.8 16v Flex Aut.,Fiat,Hatch,2021,85000,1.8,Flex,Automático,Elétrica,Branco,4.0,5.0,Não,Elétrica
82500,"Carros, Vans E Utilitários",Honda Lx 1.8 Flexone 16v 5p Aut.,Honda,Hatch,2016,104400,1.8,Flex,Automático,Elétrica,Cinza,4.0,5.0,Não,Elétrica
32900,"Carros, Vans E Utilitários",Renault Expression Hi-flex 1.0 16v 5p,Renault,Hatch,2014,123000,1.0,Flex,Manual,Hidráulica,Preto,4.0,4.0,Não,Hidráulica
167900,"Carros, Vans E Utilitários",Jeep S T270 1.3 Tb 4x2 Flex Aut,Jeep,Hatch,2023,39000,1.3,Flex,Automático,Elétrica,Branco,4.0,2.0,Não,Elétrica
89900,"Carros, Vans E Utilitários",Ford Xlt 2.5 16v 4x2 Cd Flex,Ford,Hatch,2015,108000,2.0,Flex,Manual,Hidráulica,Preto,4.0,7.0,Não,Elétrica
39990,"Carros, Vans E Utilitários",Chevrolet Life/ls 1.0 Vhc Flexp. 4p,Chevrolet,Sedã,2015,149000,1.0,Flex,Manual,Hidráulica,Branco,4.0,0.0,Não,Hidráulica
91900,"Carros, Vans E Utilitários",Fiat Endurance Evo 1.4 Flex 8v 2p,Fiat,Hatch,2024,26000,1.4,Flex,Manual,Hidráulica,Branco,2.0,0.0,Não,Elétrica
69900,"Carros, Vans E Utilitários",Hyundai Gls 1.8 16v Aut.,Hyundai,Hatch,2013,83000,1.8,Gasolina,Automático,Hidráulica,Prata,4.0,4.0,Não,Hidráulica
72500,"Carros, Vans E Utilitários",Honda Ex 1.5 Flexone 16v 5p Aut.,Honda,Hatch,2018,130000,1.5,Flex,Automático,Elétrica,Cinza,4.0,5.0,Não,Elétrica
84990,"Carros, Vans E Utilitários",Jeep Longitude 1.8 4x2 Flex 16v Aut.,Jeep,Suv,2020,79000,1.8,Flex,Automático,Mecânica,Azul,4.0,6.0,Não,Mecânica
78000,"Carros, Vans E Utilitários",Chevrolet Premier 1.8 8v Econo.flex 5p Mec.,Chevrolet,Hatch,2020,132000,1.8,Flex,Manual,Elétrica,Branco,4.0,7.0,Não,Elétrica
38500,"Carros, Vans E Utilitários",Renault Zen 1.0 Flex 12v 5p Mec.,Renault,Hatch,2020,90300,1.0,Flex,Manual,Elétrica,Outra,4.0,3.0,Não,Elétrica
73500,"Carros, Vans E Utilitários",Ford Se Direct 1.5 Flex 5p Aut.,Ford,Suv,2020,53000,1.5,Flex,Automático,Elétrica,Cinza,4.0,9.0,Não,Elétrica
27000,"Carros, Vans E Utilitários",Chevrolet Spirit/ Lt 1.0 Mpfi 8v Flexp. 5p,Chevrolet,Hatch,2013,142000,1.0,Flex,Manual,Mecânica,Branco,4.0,5.0,Não,Mecânica
58900,"Carros, Vans E Utilitários",Fiat 2.4 16v 5p Aut.,Fiat,Suv,2012,0,2.0,Gasolina,Automático,Hidráulica,Preto,4.0,5.0,Não,Hidráulica
190000,"Carros, Vans E Utilitários",Toyota Cd Srx 4x4 2.8 Tdi 16v Diesel Aut.,Toyota,Pick-up,2018,111000,2.0,Diesel,Automático,Hidráulica,Branco,4.0,9.0,Não,Hidráulica
44000,"Carros, Vans E Utilitários",Fiat Attractive 1.0 Evo Fire Flex 8v 5p,Fiat,Hatch,2015,95000,1.0,Flex,Manual,Hidráulica,Prata,4.0,3.0,Não,Hidráulica
32900,"Carros, Vans E Utilitários",Chevrolet Ltz 1.4 Mpfi 8v Flexpower 5p,Chevrolet,Hatch,2010,183190,1.4,Flex,Manual,Hidráulica,Cinza,4.0,3.0,Não,Hidráulica
59800,"Carros, Vans E Utilitários",Volkswagen Connect 1.6 Flex 8v 5p,Volkswagen,Hatch,2019,57000,1.6,Flex,Manual,Elétrica,Branco,4.0,5.0,Não,Elétrica
112900,"Carros, Vans E Utilitários",Honda Sedan Ex 2.0 Flex 16v Aut.4p,Honda,Sedã,2018,790000,2.0,Flex,Automático,Hidráulica,Branco,4.0,4.0,Não,Hidráulica
7000,"Carros, Vans E Utilitários",Chevrolet Wind 1.0 Mpfi / Efi 2p,Chevrolet,Hatch,1995,231225,1.0,álcool,Manual,Mecânica,Vermelho,2.0,0.0,Não,Mecânica
78890,"Carros, Vans E Utilitários",Renault Oroch Express 1.6 Flex 16v Mec.,Renault,Pick-up,2022,94151,1.6,Flex,Manual,Hidráulica,Branco,4.0,3.0,Não,Hidráulica
139900,"Carros, Vans E Utilitários",Chery Txs 1.6 Turbo Tgdi Aut,Chery,Suv,2022,36195,1.6,Gasolina,Automático,Hidráulica,Cinza,4.0,3.0,Não,Elétrica
51490,"Carros, Vans E Utilitários",Honda Sedan Ex 1.5 Flex 16v 4p Aut.,Honda,Sedã,2013,238000,1.5,Flex,Automático,Elétrica,Prata,4.0,0.0,Não,Elétrica
13000,"Carros, Vans E Utilitários",Chevrolet 1.0/super/n.piq.1.0 Mpfi Vhc 8v 3p,Chevrolet,Hatch,2003,100000,1.6,Gasolina,Manual,Mecânica,Prata,2.0,5.0,Não,Mecânica
35000,"Carros, Vans E Utilitários",Chevrolet Junior 1.0,Chevrolet,Sedã,1992,50800,1.0,Gasolina,Manual,Mecânica,Azul,2.0,5.0,Não,Mecânica
69900,"Carros, Vans E Utilitários",Toyota X Sedan 1.5 Flex 16v 4p Aut.,Toyota,Hatch,2021,76322,1.5,Flex,Automático,Elétrica,Preto,4.0,3.0,Não,Elétrica
94900,"Carros, Vans E Utilitários",Hyundai Action 1.6 16v Flex Aut,Hyundai,Hatch,2021,60000,1.6,Flex,Automático,Elétrica,Branco,4.0,0.0,Não,Elétrica
20000,"Carros, Vans E Utilitários",Chevrolet Sedan 1.0 Mpfi 8v 71cv 4p,Chevrolet,Sedã,2004,207462,1.0,Gasolina,Manual,Elétrica,Prata,4.0,2.0,Não,Elétrica
88900,"Carros, Vans E Utilitários",Fiat Freedom 1.8 16v Flex Aut.,Fiat,Pick-up,2018,62421,1.8,Flex,Automático,Elétrica,Prata,4.0,9.0,Não,Elétrica
128900,"Carros, Vans E Utilitários",Bmw Sdrive 20i X-line 2.0 Tb Active Flex,Bmw,Suv,2017,90000,2.0,Flex,Automático,Eletro-hidráulica,Cinza,4.0,3.0,Não,5
80000,"Carros, Vans E Utilitários",Honda Exl 2.0 Flexone 16v 2wd Aut.,Honda,Suv,2014,169000,2.0,Flex,Automático,Elétrica,Prata,4.0,5.0,Não,Elétrica
98000,"Carros, Vans E Utilitários",Honda Sedan Sport 2.0 Flex 16v Aut.4p,Honda,Sedã,2017,102000,2.0,Flex,Automático,Elétrica,Outra,4.0,5.0,Não,Elétrica
8600,"Carros, Vans E Utilitários",Fiat Edx 1.0 Mpi 4p,Fiat,Hatch,1997,140025,1.0,Flex,Manual,Elétrica,Vermelho,4.0,2.0,Não,Elétrica
8600,"Carros, Vans E Utilitários",Fiat Edx 1.0 Mpi 4p,Fiat,Hatch,1997,140025,1.0,Flex,Manual,Elétrica,Vermelho,4.0,2.0,Não,Elétrica
16500,"Carros, Vans E Utilitários",Volkswagen Cl 1.6 Mi / Cl/ C 1.6,Volkswagen,Pick-up,2000,180000,1.6,Gasolina,Manual,Hidráulica,Branco,4.0,5.0,Não,Hidráulica
104900,"Carros, Vans E Utilitários",Nissan Sense 1.6 16v Flex Aut,Nissan,Suv,2024,28900,1.6,Flex,Automático,Elétrica,Branco,4.0,6.0,Não,Elétrica
52500,"Carros, Vans E Utilitários",Volkswagen Geração Vii 1.0 12v Flex Mec. 4p,Volkswagen,Hatch,2022,109000,1.0,Flex,Manual,Hidráulica,Branco,4.0,5.0,Não,Hidráulica
105900,"Carros, Vans E Utilitários",Toyota Sw4 Srv D4-d 4x4 3.0 Tdi Dies. Aut,Toyota,Suv,2008,320000,3.0,Diesel,Automático,Hidráulica,Cinza,4.0,5.0,Não,Hidráulica
278700,"Carros, Vans E Utilitários",Volvo 90 T-6 Momentum 2.0 320cv 5p,Volvo,Suv,2020,67400,2.0,Gasolina,Automático,Elétrica,Branco,4.0,5.0,Não,Elétrica
47500,"Carros, Vans E Utilitários",Chevrolet S10 Advant. 2.4/2.4 Mpfi F.power,Chevrolet,Suv,2011,197000,2.0,Flex,Manual,Hidráulica,Azul,4.0,3.0,Não,Hidráulica
36000,"Carros, Vans E Utilitários",Ford Xls 1.6/ 1.6 Flex 8v 5p,Ford,Suv,2006,48000,1.6,Flex,Manual,Hidráulica,Prata,4.0,6.0,Não,Hidráulica
148900,"Carros, Vans E Utilitários",Volkswagen Gti 2.0 Tsi 220cv Aut.,Volkswagen,Hatch,2017,68450,2.0,Flex,Automático,Elétrica,Branco,4.0,6.0,Não,Elétrica
12500,"Carros, Vans E Utilitários",Volkswagen Geração Ii Special 1.0 8v 58cv Gasolina Mec. 2p,Volkswagen,Hatch,2003,224224,1.0,Gasolina,Manual,Mecânica,Prata,2.0,0.0,Não,Mecânica
67800,"Carros, Vans E Utilitários",Volkswagen Comfort. 200 Tsi 1.0 Flex 12v Aut.,Volkswagen,Hatch,2018,85000,1.0,Flex,Automático,Elétrica,Prata,4.0,5.0,Não,Elétrica
88500,"Carros, Vans E Utilitários",Jeep Longitude 1.8 4x2 Flex 16v Aut.,Jeep,Suv,2021,44795,1.8,Flex,Automático,Elétrica,Branco,4.0,6.0,Não,Elétrica
59900,"Carros, Vans E Utilitários",Hyundai Sense 1.0 Flex 12v Mec,Hyundai,Hatch,2020,75000,1.0,Flex,Manual,Elétrica,Cinza,4.0,5.0,Não,Elétrica
130000,"Carros, Vans E Utilitários",Toyota Xei 2.0 Flex 16v Aut.,Toyota,Sedã,2023,58000,2.0,Flex,Automático,Elétrica,Preto,4.0,2.0,Não,Elétrica
47900,"Carros, Vans E Utilitários",Volkswagen Beetle 2.0 Mi Mec./aut.,Volkswagen,Hatch,2010,116000,2.0,Flex,Manual,Hidráulica,Preto,2.0,4.0,Não,Hidráulica
75000,"Carros, Vans E Utilitários",Volkswagen R-line Tb 2.0 Tsi Tiptronic 4p,Volkswagen,Sedã,2014,200000,2.0,Gasolina,Automático,Elétrica,Branco,4.0,5.0,Não,Elétrica
27750,"Carros, Vans E Utilitários",Fiat Essence 1.6 Flex 16v 4p,Fiat,Sedã,2012,149000,1.6,Gasolina,Manual,Hidráulica,Outra,4.0,5.0,Não,Hidráulica
37500,"Carros, Vans E Utilitários",Fiat Sporting 1.4 Evo Fire Flex 8v 4p,Fiat,Hatch,2013,93000,1.4,Flex,Manual,Hidráulica,Vermelho,4.0,5.0,Não,Hidráulica
40099,"Carros, Vans E Utilitários",Citroen Picasso/pic. La Luna 2.0 16v Aut.,Citroen,Suv,2013,68991,2.0,Gasolina,Automático,Hidráulica,Vermelho,4.0,5.0,Não,Hidráulica
35000,"Carros, Vans E Utilitários",Volkswagen Take 1.0 Total Flex 12v 5p,Volkswagen,Hatch,2015,120000,1.0,Flex,Manual,Mecânica,Branco,4.0,5.0,Não,Mecânica
24900,"Carros, Vans E Utilitários",Fiat Hlx 1.8 Mpi Flex 8v 4p,Fiat,Sedã,2007,154,1.8,Flex,Manual,Hidráulica,Prata,4.0,5.0,Não,Hidráulica
28900,"Carros, Vans E Utilitários",Fiat Absolute 1.9/1.8 Flex Dualogic 4p,Fiat,Sedã,2015,170000,1.9,Flex,Automatizado,Hidráulica,Branco,4.0,0.0,Não,Hidráulica
129999,"Carros, Vans E Utilitários",Fiat Freedom 2.0 16v 4x4 Diesel Aut.,Fiat,Pick-up,2023,13000,2.0,Diesel,Automático,Elétrica,Branco,4.0,3.0,Não,Elétrica
342000,"Carros, Vans E Utilitários",Toyota Cd Srx Plus 4x4 2.8 Tdi Die. Aut.,Toyota,Pick-up,2025,1000,2.0,Diesel,Automático,Elétrica,Cinza,4.0,9.0,Não,Elétrica
17500,"Carros, Vans E Utilitários",Ford 1.0 8v Flex/class 1.0 8v Flex 5p,Ford,Hatch,2007,0,1.0,Flex,Manual,Mecânica,Outra,4.0,5.0,Não,Mecânica
7500,"Carros, Vans E Utilitários",Chevrolet 1.0/ Super 1.0 Mpfi Vhc 8v 5p,Chevrolet,Hatch,2003,450000,1.0,Gasolina,Manual,Mecânica,Prata,4.0,5.0,Não,Mecânica
13000,"Carros, Vans E Utilitários",Honda Sedan Lxl 1.7 16v 130cv Aut 4p,Honda,Sedã,2005,200000,1.7,Gasolina,Automático,Hidráulica,Prata,4.0,8.0,Não,Hidráulica
73900,"Carros, Vans E Utilitários",Mitsubishi Hl-t 2.0 16v 160cv Aut.,Mitsubishi,Sedã,2019,235000,2.0,Gasolina,Automático,Hidráulica,Preto,4.0,5.0,Não,Hidráulica
319900,"Carros, Vans E Utilitários",Bmw Sdrive 20i M Sport 2.0 Tb Aut.,Bmw,Suv,2024,33000,2.0,Gasolina,Automático,Elétrica,Branco,4.0,9.0,Não,Elétrica
39900,"Carros, Vans E Utilitários",Fiat Cult 1.4 Flex 8v Evo Mec.,Fiat,Hatch,2012,92000,1.4,Flex,Manual,Elétrica,Vermelho,2.0,8.0,Não,Elétrica
61900,"Carros, Vans E Utilitários",Chevrolet Hatch Ltz 1.4 8v Flex Mec. 4p,Chevrolet,Hatch,2017,115000,1.6,Flex,Automático,Hidráulica,Cinza,4.0,5.0,Não,Elétrica
46900,"Carros, Vans E Utilitários",Nissan Sl 1.8 16v Flex Fuel Aut.,Nissan,Hatch,2012,178000,1.6,Flex,Automático,Hidráulica,Preto,4.0,7.0,Não,Hidráulica
50900,"Carros, Vans E Utilitários",Honda Lx 1.4/ 1.4 Flex 8v/16v 5p Aut.,Honda,Hatch,2013,144000,1.4,Flex,Automático,Elétrica,Preto,4.0,6.0,Não,Elétrica
59900,"Carros, Vans E Utilitários",Renault Dynamique 2.0 Hi-flex 16v Aut.,Renault,Suv,2016,168000,2.0,Flex,Automático,Hidráulica,Preto,4.0,5.0,Não,Hidráulica
46000,"Carros, Vans E Utilitários",Renault Techroad 2.0 Hi-flex 16v Aut.,Renault,Suv,2014,139700,2.0,Flex,Automático,Hidráulica,Prata,4.0,5.0,Não,Hidráulica
149900,"Carros, Vans E Utilitários",Ford Xls 2.2 4x4 Cd Diesel Aut.,Ford,Pick-up,2021,48200,2.0,Diesel,Automático,Elétrica,Prata,4.0,8.0,Não,Elétrica
56900,"Carros, Vans E Utilitários",Suzuki 2.0 16v 4x2/4x4 5p Mec.,Suzuki,Hatch,2012,145499,2.0,Gasolina,Manual,Hidráulica,Branco,4.0,9.0,Não,Hidráulica
39990,"Carros, Vans E Utilitários",Volkswagen 2.0 Mi 2p E 4p,Volkswagen,Sedã,2000,290000,2.0,Gasolina,Manual,Hidráulica,Prata,4.0,7.0,Não,Hidráulica
71900,"Carros, Vans E Utilitários",Renault Oroch Express 1.6 Flex 16v Mec.,Renault,Pick-up,2018,144000,1.6,Flex,Manual,Eletro-hidráulica,Branco,4.0,1.0,Não,5
59990,"Carros, Vans E Utilitários",Hyundai Sense 1.0 Flex 12v Mec,Hyundai,Hatch,2021,79000,1.0,Flex,Manual,Hidráulica,Branco,4.0,5.0,Não,Hidráulica
100000,"Carros, Vans E Utilitários",Mitsubishi Hpe-s 1.5 16v 165cv Aut.,Mitsubishi,Suv,2019,91013,1.5,Gasolina,Automático,Elétrica,Branco,4.0,5.0,Não,Elétrica
30999,"Carros, Vans E Utilitários",Renault Techrun Hi-flex 1.0 16v 5p,Renault,Hatch,2014,127000,1.6,Flex,Manual,Elétrica,Branco,4.0,5.0,Não,Elétrica
51990,"Carros, Vans E Utilitários",Ford 1.0 Se/se Plus Tivct Flex 5p,Ford,Hatch,2021,90000,1.0,Flex,Manual,Elétrica,Cinza,4.0,1.0,Não,Elétrica
84000,"Carros, Vans E Utilitários",Hyundai Attitude 1.6 16v Flex Aut.(pcd),Hyundai,Suv,2019,56000,1.6,Flex,Automático,Elétrica,Branco,4.0,5.0,Não,Elétrica
29900,"Carros, Vans E Utilitários",Volkswagen (álcool),Volkswagen,Sedã,1985,66000,1.6,Gasolina,Manual,Mecânica,Branco,2.0,6.0,Não,Mecânica
98900,"Carros, Vans E Utilitários",Chevrolet Ltz 1.2 Turbo 12v Flex Aut,Chevrolet,Suv,2021,48700,1.2,Flex,Automático,Elétrica,Branco,4.0,8.0,Não,Elétrica
140900,"Carros, Vans E Utilitários",Volkswagen Highline 1.4 Tsi Flex 16v 5p Aut,Volkswagen,Suv,2024,6100,1.4,Flex,Automático,Elétrica,Prata,4.0,6.0,Não,Elétrica
59900,"Carros, Vans E Utilitários",Hyundai 2.0 16v Flex Aut.,Hyundai,Suv,2013,68,2.0,Flex,Automático,Hidráulica,Preto,4.0,5.0,Não,Hidráulica
157900,"Carros, Vans E Utilitários",Fiat Ultra 2.0 16v 4x4 Diesel Aut,Fiat,Pick-up,2023,33000,2.0,Diesel,Automático,Elétrica,Azul,4.0,6.0,Não,Elétrica
82900,"Carros, Vans E Utilitários",Renault Zen 1.6 16v Flex Aut,Renault,Suv,2021,81000,1.6,Flex,Automático,Hidráulica,Outra,4.0,1.0,Não,Hidráulica
98900,"Carros, Vans E Utilitários",Chevrolet Ltz 1.2 Turbo 12v Flex Aut,Chevrolet,Suv,2021,48700,1.2,Flex,Automático,Elétrica,Branco,4.0,8.0,Não,Elétrica
140900,"Carros, Vans E Utilitários",Volkswagen Highline 1.4 Tsi Flex 16v 5p Aut,Volkswagen,Suv,2024,6100,1.4,Flex,Automático,Elétrica,Prata,4.0,6.0,Não,Elétrica
59900,"Carros, Vans E Utilitários",Hyundai 2.0 16v Flex Aut.,Hyundai,Suv,2013,68,2.0,Flex,Automático,Hidráulica,Preto,4.0,5.0,Não,Hidráulica
157900,"Carros, Vans E Utilitários",Fiat Ultra 2.0 16v 4x4 Diesel Aut,Fiat,Pick-up,2023,33000,2.0,Diesel,Automático,Elétrica,Azul,4.0,6.0,Não,Elétrica
82900,"Carros, Vans E Utilitários",Renault Zen 1.6 16v Flex Aut,Renault,Suv,2021,81000,1.6,Flex,Automático,Hidráulica,Outra,4.0,1.0,Não,Hidráulica
51990,"Carros, Vans E Utilitários",Citroen Lounge Tendance 1.6 Turbo Flex Aut.,Citroen,Sedã,2015,165000,1.6,Flex,Automático,Eletro-hidráulica,Cinza,4.0,0.0,Não,5
55000,"Carros, Vans E Utilitários",Honda Lx 1.4/ 1.4 Flex 8v/16v 5p Aut.,Honda,Hatch,2014,109000,1.6,Flex,Automático,Elétrica,Cinza,4.0,5.0,Não,Elétrica
22990,"Carros, Vans E Utilitários",Citroen Exclus./excl.solaris 1.6 Flex 16v Mec,Citroen,Hatch,2008,189000,1.6,Flex,Manual,Elétrica,Preto,4.0,4.0,Não,Elétrica
58900,"Carros, Vans E Utilitários",Mitsubishi Tr4 2.0/ 2.0 Flex 16v 4x4 Aut.,Mitsubishi,Hatch,2012,195000,1.6,Flex,Automático,Hidráulica,Prata,4.0,3.0,Não,Hidráulica
189900,"Carros, Vans E Utilitários",Volvo Xc 40 T-5 Híbrido R-design 1.5 262cv Fwd,Volvo,Suv,2021,113000,1.5,Híbrido,Automático,Elétrica,Cinza,4.0,8.0,Não,Elétrica
10300,"Carros, Vans E Utilitários",Chevrolet Wind 1.0 Mpfi / Efi 2p,Chevrolet,Hatch,1995,213000,1.0,álcool,Manual,Mecânica,Outra,2.0,0.0,Não,Mecânica
109500,"Carros, Vans E Utilitários",Land Rover Sport Hse Luxury 2.0 4x4 Aut.,Land Rover,Suv,2017,98000,2.0,Flex,Automático,Elétrica,Branco,4.0,0.0,Não,Elétrica
95000,"Carros, Vans E Utilitários",Volkswagen Comfortline 1.0 Tsi Flex 5p Aut.,Volkswagen,Suv,2020,60168,1.0,Flex,Automático,Elétrica,Prata,4.0,5.0,Não,Elétrica
45900,"Carros, Vans E Utilitários",Renault Zen 1.0 Flex 12v 5p Mec.,Renault,Hatch,2022,65700,1.0,Flex,Automático,Elétrica,Branco,4.0,5.0,Não,Elétrica
43500,"Carros, Vans E Utilitários",Fiat Like 1.0 Fire Flex 5p.,Fiat,Hatch,2019,100000,1.6,Flex,Manual,Hidráulica,Branco,4.0,5.0,Não,Hidráulica
52500,"Carros, Vans E Utilitários",Volkswagen 1.6 Msi Flex 8v 4p,Volkswagen,Sedã,2019,78000,1.6,Flex,Manual,Hidráulica,Cinza,4.0,5.0,Não,Hidráulica
24000,"Carros, Vans E Utilitários",Ford 1.0 8v Flex/class 1.0 8v Flex 5p,Ford,Hatch,2011,55000,1.0,Flex,Manual,Mecânica,Prata,4.0,0.0,Não,Mecânica
107990,"Carros, Vans E Utilitários",Mercedes-benz 320 Furgão S. Longa (elétrico),Mercedes-benz,Van/utilitário,2015,167900,2.0,Diesel,Manual,Hidráulica,Prata,4.0,0.0,Não,Hidráulica
94000,"Carros, Vans E Utilitários",Fiat Freedom 1.3 Flex 8v Cd,Fiat,Pick-up,2022,93117,1.3,Flex,Manual,Elétrica,Branco,4.0,1.0,Não,Elétrica
60000,"Carros, Vans E Utilitários",Fiat Working Hard 1.4 Fire Flex 8v Ce,Fiat,Pick-up,2020,85000,1.4,Flex,Manual,Mecânica,Branco,2.0,5.0,Não,Mecânica
136000,"Carros, Vans E Utilitários",Bmw Sdrive 20i X-line 2.0 Tb Active Flex,Bmw,Suv,2019,72000,2.0,Flex,Automático,Eletro-hidráulica,Branco,4.0,5.0,Não,5
35900,"Carros, Vans E Utilitários",Fiat Attrac. 1.4 Evo F.flex 8v,Fiat,Sedã,2014,86000,1.4,Flex,Manual,Hidráulica,Branco,4.0,5.0,Não,Hidráulica
80000,"Carros, Vans E Utilitários",Toyota Xs 1.5 Flex 16v 5p Aut.,Toyota,Hatch,2023,39000,1.5,Flex,Automático,Elétrica,Branco,4.0,5.0,Não,Elétrica
63500,"Carros, Vans E Utilitários",Chery Act 1.5 16v Flex Aut.5p,Chery,Suv,2020,69700,1.5,Flex,Automático,Hidráulica,Branco,4.0,4.0,Não,Hidráulica
117500,"Carros, Vans E Utilitários",Honda Exl 1.8 Flexone 16v 5p Aut.,Honda,Suv,2021,52000,1.8,Flex,Automático,Elétrica,Branco,4.0,4.0,Não,Elétrica
35000,"Carros, Vans E Utilitários",Chevrolet Ls 1.4 Econoflex 8v 2p,Chevrolet,Pick-up,2013,140000,1.4,Flex,Manual,Mecânica,Branco,2.0,5.0,Não,Mecânica
21000,"Carros, Vans E Utilitários",Fiat Mille 1.0 Fire/ F.flex/ Economy 2p,Fiat,Hatch,2012,82214,1.0,Flex,Automático,Elétrica,Branco,2.0,5.0,Não,Elétrica
52790,"Carros, Vans E Utilitários",Kia Motors Ex 2.0 16v Mec.,Kia Motors,Suv,2011,112000,2.0,Gasolina,Manual,Hidráulica,Preto,4.0,8.0,Não,Hidráulica
30000,"Carros, Vans E Utilitários",Chery 1.0 Look Fl 12v/1.0 12v Flex 5p,Chery,Hatch,2018,178000,1.0,Flex,Manual,Hidráulica,Branco,4.0,0.0,Não,Hidráulica
40000,"Carros, Vans E Utilitários",Ford Sedan 1.6 16v Flex Mec.,Ford,Sedã,2014,110255,1.6,Flex,Manual,Elétrica,Cinza,4.0,8.0,Não,Elétrica
34900,"Carros, Vans E Utilitários",Fiat Celebration 1.0 Fire Flex 8v 4p,Fiat,Hatch,2015,122252,1.0,Flex,Manual,Hidráulica,Prata,4.0,7.0,Não,Hidráulica
299990,"Carros, Vans E Utilitários",Toyota Cd Srx 4x4 2.8 Tdi 16v Diesel Aut.,Toyota,Pick-up,2024,72456,2.0,Diesel,Automático,Hidráulica,Branco,4.0,4.0,Não,Hidráulica
55790,"Carros, Vans E Utilitários",Volkswagen 1.0 Flex 12v 4p,Volkswagen,Sedã,2023,610000,1.0,Flex,Manual,Hidráulica,Branco,4.0,6.0,Não,Hidráulica
32000,"Carros, Vans E Utilitários",Ford 1.0 Se/se Plus Tivct Flex 5p,Ford,Hatch,2018,156196,1.0,Flex,Manual,Elétrica,Branco,4.0,7.0,Não,Elétrica
189990,"Carros, Vans E Utilitários",Bmw A 2.0 Tb M Sport Activeflex 16v 4p,Bmw,Sedã,2021,34000,2.0,Gasolina,Automático,Eletro-hidráulica,Branco,4.0,5.0,Não,5
59990,"Carros, Vans E Utilitários",Ford Limited 3.5 V6 24v Awd Aut.,Ford,Suv,2013,167000,3.0,Gasolina,Automático,Hidráulica,Prata,4.0,6.0,Não,Hidráulica
55900,"Carros, Vans E Utilitários",Volkswagen Beetle 2.0 Mi Mec./aut.,Volkswagen,Hatch,2010,106000,2.0,Gasolina,Automático,Hidráulica,Outra,2.0,5.0,Não,Hidráulica
139900,"Carros, Vans E Utilitários",Jeep Td 350 80 Anos 2.0 4x4 Die. Aut,Jeep,Suv,2022,124000,2.0,Diesel,Automático,Elétrica,Cinza,4.0,5.0,Não,Elétrica
50790,"Carros, Vans E Utilitários",Volkswagen Geração Vii City 1.0 12v Total Flex Mec. 4p,Volkswagen,Hatch,2023,60000,1.0,Flex,Manual,Hidráulica,Cinza,4.0,6.0,Não,Hidráulica
48790,"Carros, Vans E Utilitários",Fiat Like 1.0 Fire Flex 5p.,Fiat,Hatch,2022,42000,1.0,Flex,Manual,Elétrica,Prata,4.0,2.0,Sim,Elétrica
44900,"Carros, Vans E Utilitários",Kia Motors 1.6 16v Mec.,Kia Motors,Hatch,2011,160000,1.6,Flex,Manual,Hidráulica,Cinza,4.0,1.0,Não,Hidráulica
108900,"Carros, Vans E Utilitários",Citroen Exclusive 1.6 Flex 16v 5p Aut.,Citroen,Suv,2014,110000,1.6,Flex,Automático,Elétrica,Branco,4.0,1.0,Não,Elétrica
99900,"Carros, Vans E Utilitários",Jeep Long. T270 1.3 Tb 4x2 Flex Aut.,Jeep,Suv,2023,80000,1.3,Flex,Automático,Elétrica,Cinza,4.0,1.0,Não,Elétrica
69900,"Carros, Vans E Utilitários",Toyota 2.0 Xei 16v Flex 4p Automatico,Toyota,Sedã,2015,0,2.0,Flex,Automático,Hidráulica,Azul,4.0,0.0,Não,Hidráulica
39900,"Carros, Vans E Utilitários",Kia Motors Grand 2.0 8v Tb-ic Diesel,Kia Motors,Suv,2001,180000,2.0,Diesel,Manual,Hidráulica,Azul,4.0,4.0,Não,Hidráulica
22500,"Carros, Vans E Utilitários",Ford 1.6 8v Flex/class 1.6 8v Flex 5p,Ford,Hatch,2010,149500,1.6,Flex,Manual,Hidráulica,Outra,4.0,5.0,Não,Hidráulica
93000,"Carros, Vans E Utilitários",Hyundai Sport 2.0 16v Flex Aut.,Hyundai,Suv,2018,72000,2.0,Flex,Automático,Elétrica,Vermelho,4.0,7.0,Não,Elétrica
58890,"Carros, Vans E Utilitários",Jeep Longitude 1.8 4x2 Flex 16v Aut.,Jeep,Suv,2016,92900,1.8,Flex,Automático,Elétrica,Branco,4.0,4.0,Não,Elétrica
32000,"Carros, Vans E Utilitários",Renault Expression Hi-power 1.0 16v 5p,Renault,Hatch,2016,180000,1.0,Flex,Manual,Hidráulica,Outra,4.0,5.0,Não,Hidráulica
38000,"Carros, Vans E Utilitários",Fiat Week. Attractive 1.4 Fire Flex 8v,Fiat,Perua,2014,133000,1.4,Flex,Manual,Hidráulica,Branco,4.0,5.0,Não,Hidráulica
77900,"Carros, Vans E Utilitários",Ford Limited 3.0 Pse 4x4 Cd Tb Diesel,Ford,Pick-up,2006,64990,3.0,Diesel,Manual,Hidráulica,Prata,4.0,3.0,Não,Hidráulica
185900,"Carros, Vans E Utilitários",Jeep Overl. Td380 2.0 4x4 Die. Aut,Jeep,Suv,2022,37000,2.0,Diesel,Automático,Elétrica,Outra,4.0,5.0,Não,Elétrica
51890,"Carros, Vans E Utilitários",Hyundai Sense 1.0 12v Flex Mec.,Hyundai,Hatch,2021,40000,1.0,Flex,Manual,Elétrica,Prata,4.0,6.0,Não,Elétrica
43000,"Carros, Vans E Utilitários",Volkswagen Sportline 1.6 Mi Total Flex 8v 5p,Volkswagen,Hatch,2013,183500,1.6,Flex,Manual,Hidráulica,Branco,4.0,2.0,Não,Hidráulica
45000,"Carros, Vans E Utilitários",Hyundai Unique 1.0 Flex 12v Mec.,Hyundai,Hatch,2019,39000,1.0,Flex,Manual,Hidráulica,Outra,4.0,5.0,Não,Hidráulica
47900,"Carros, Vans E Utilitários",Chevrolet Hatch Lt 1.4 8v Flex Power Mec. 4p,Chevrolet,Hatch,2014,149000,1.4,Flex,Manual,Hidráulica,Prata,4.0,5.0,Não,Hidráulica
41900,"Carros, Vans E Utilitários",Chevrolet Hatch Lt 1.4 8v Flex Power Mec. 4p,Chevrolet,Hatch,2013,94000,1.4,Flex,Manual,Hidráulica,Branco,4.0,4.0,Não,Hidráulica
90000,"Carros, Vans E Utilitários",Fiat Volcano 2.0 16v 4x4 Tb Diesel Aut.,Fiat,Pick-up,2017,0,2.0,Diesel,Automático,Hidráulica,Preto,4.0,0.0,Não,Hidráulica
43900,"Carros, Vans E Utilitários",Ford Sed. Ti./ti.plus 2.0 16v Flex Aut,Ford,Sedã,2013,160000,2.0,Flex,Automático,Eletro-hidráulica,Outra,4.0,4.0,Não,5
250000,"Carros, Vans E Utilitários",Toyota Cd Srx 4x4 2.8 Tdi 16v Diesel Aut.,Toyota,Pick-up,2021,60000,2.0,Diesel,Automático,Eletro-hidráulica,Branco,4.0,0.0,Não,5
12900,"Carros, Vans E Utilitários",Fiat Mille Elx 2p E 4p,Fiat,Hatch,1995,91000,1.0,Gasolina,Manual,Mecânica,Cinza,2.0,5.0,Não,Mecânica
28500,"Carros, Vans E Utilitários",Fiat C/ Cl,Fiat,Hatch,1977,89000,1.3,Gasolina,Manual,Mecânica,Branco,2.0,5.0,Não,Mecânica
89000,"Carros, Vans E Utilitários",Chery Eq1 Tech (elétrico),Chery,Hatch,2023,9000,1.6,Elétrico,Automático,Elétrica,Branco,3.0,3.0,Não,Elétrica
58900,"Carros, Vans E Utilitários",Hyundai C.style/c.plus 1.6 Flex 16v Aut.,Hyundai,Hatch,2016,104000,1.6,Flex,Automático,Hidráulica,Preto,4.0,5.0,Não,Hidráulica
33300,"Carros, Vans E Utilitários",Volkswagen 1.6/1.6 City Mi Total Flex 8v 4p,Volkswagen,Hatch,2014,237750,1.6,Flex,Manual,Hidráulica,Prata,4.0,5.0,Não,Hidráulica
98000,"Carros, Vans E Utilitários",Jeep Longitude 2.0 4x4 Tb Diesel Aut,Jeep,Suv,2020,78000,2.0,Diesel,Automático,Elétrica,Branco,4.0,5.0,Não,Elétrica
35000,"Carros, Vans E Utilitários",Chevrolet Advantage 2.0 Mpfi 8v Flexpower 5p,Chevrolet,Sedã,2011,168123,1.6,Flex,Manual,Hidráulica,Prata,4.0,5.0,Não,Hidráulica
114900,"Carros, Vans E Utilitários",Fiat Impetus 1.0 Turbo 200 Flex Aut.,Fiat,Hatch,2024,8100,1.0,Flex,Automático,Elétrica,Cinza,4.0,4.0,Não,Elétrica
125000,"Carros, Vans E Utilitários",Chery Txs 1.6 Turbo Tgdi Aut,Chery,Suv,2022,33301,1.6,Gasolina,Automático,Elétrica,Branco,4.0,5.0,Não,Elétrica
85900,"Carros, Vans E Utilitários",Toyota Xei 2.0 Flex 16v Aut.,Toyota,Hatch,2015,112400,1.6,Flex,Automático,Elétrica,Branco,4.0,5.0,Não,Elétrica
349900,"Carros, Vans E Utilitários",Ram Rebel 5.7 Hemi Cd V8 4x4 Aut,Ram,Pick-up,2022,48000,4.0,Gasolina,Automático,Elétrica,Preto,4.0,5.0,Não,Elétrica
78000,"Carros, Vans E Utilitários",Audi Sedan 1.4 Tfsi Flex Tiptronic 4p,Audi,Sedã,2016,102000,1.4,Flex,Automático,Elétrica,Preto,4.0,3.0,Não,Elétrica
40900,"Carros, Vans E Utilitários",Kia Motors Ex 1.1/1.0/ 1.0 Flex Mec.,Kia Motors,Hatch,2012,130,1.0,Flex,Manual,Mecânica,Preto,4.0,1.0,Não,Mecânica
32000,"Carros, Vans E Utilitários",Chevrolet Gl/sl/lite/turim 1.8,Chevrolet,Hatch,1990,103000,1.8,álcool,Manual,Hidráulica,Prata,2.0,5.0,Não,Hidráulica
120000,"Carros, Vans E Utilitários",Iveco 35s14 3.0 16v Turbo Diesel Mec.,Iveco,Caminhão Leve,2011,385000,3.0,Diesel,Manual,Hidráulica,Branco,2.0,1.0,Não,Hidráulica
35500,"Carros, Vans E Utilitários",Renault Zen 1.0 Flex 12v 5p Mec.,Renault,Hatch,2020,90000,1.0,Flex,Manual,Elétrica,Branco,4.0,5.0,Não,Elétrica
63900,"Carros, Vans E Utilitários",Suzuki 2.0 16v 4x2/4x4 5p Aut.,Suzuki,Suv,2016,125500,2.0,Gasolina,Automático,Hidráulica,Cinza,4.0,0.0,Não,Hidráulica
50000,"Carros, Vans E Utilitários",Chevrolet Joy Hatch 1.0 8v Flex Mec. 4p,Chevrolet,Hatch,2019,94517,1.0,Flex,Manual,Elétrica,Branco,4.0,5.0,Não,Elétrica
119990,"Carros, Vans E Utilitários",Mitsubishi Gt 3.8 V6 267cv,Mitsubishi,Coupé,2007,50000,3.0,Gasolina,Automático,Hidráulica,Preto,2.0,5.0,Não,Elétrica
63000,"Carros, Vans E Utilitários",Chevrolet Hatch Lt 1.0 12v Flex Mec. 4p,Chevrolet,Hatch,2020,50300,1.0,Flex,Manual,Elétrica,Preto,4.0,7.0,Não,Elétrica
7500,"Carros, Vans E Utilitários",Fiat 1.0/ Trofeo 1.0 Fire/ Fire Flex 4p,Fiat,Hatch,2006,125590,1.0,Flex,Manual,Hidráulica,Outra,4.0,5.0,Não,Hidráulica
128900,"Carros, Vans E Utilitários",Chevrolet Premier 1.2 Turbo 12v Flex Aut,Chevrolet,Suv,2024,47894,1.2,Flex,Automático,Elétrica,Branco,4.0,8.0,Não,Elétrica
37500,"Carros, Vans E Utilitários",Suzuki 2.0 16v 145cv 4wd 5p Aut.,Suzuki,Hatch,2012,125000,1.6,Gasolina,Automático,Elétrica,Cinza,4.0,5.0,Não,Elétrica
18900,"Carros, Vans E Utilitários",Fiat 1.0/ Trofeo 1.0 Fire/ Fire Flex 4p,Fiat,Hatch,2007,200000,1.0,Flex,Manual,Hidráulica,Cinza,4.0,3.0,Não,Hidráulica
38900,"Carros, Vans E Utilitários",Volkswagen Gl 1.8 4p (argentino),Volkswagen,Sedã,1995,138000,1.8,Gasolina,Manual,Hidráulica,Cinza,4.0,7.0,Não,Hidráulica
117900,"Carros, Vans E Utilitários",Volkswagen Tsi 1.0 Flex 12v 4p Mec.,Volkswagen,Sedã,2025,1,1.0,Flex,Manual,Elétrica,Branco,4.0,3.0,Não,Elétrica
104900,"Carros, Vans E Utilitários",Mercedes-benz 1.6 Turbo 16v/flex 16v Aut.,Mercedes-benz,Sedã,2015,117000,1.6,Gasolina,Automático,Hidráulica,Preto,4.0,4.0,Não,Hidráulica
97900,"Carros, Vans E Utilitários",Jeep Longitude 2.0 4x2 Flex 16v Aut.,Jeep,Suv,2019,76000,2.0,Flex,Automático,Hidráulica,Branco,4.0,6.0,Não,Hidráulica
88900,"Carros, Vans E Utilitários",Fiat Trekking 1.3 8v Flex,Fiat,Hatch,2024,26000,1.3,Flex,Manual,Elétrica,Branco,4.0,1.0,Não,Elétrica
127900,"Carros, Vans E Utilitários",Bmw A M Sport 2.0 16v Flex 4p,Bmw,Sedã,2015,99079,2.0,Flex,Automático,Eletro-hidráulica,Preto,4.0,3.0,Não,5
43900,"Carros, Vans E Utilitários",Fiat Attractive 1.0 Evo Fire Flex 8v 5p,Fiat,Hatch,2016,147000,1.0,Flex,Manual,Hidráulica,Cinza,4.0,5.0,Não,Hidráulica
55900,"Carros, Vans E Utilitários",Ford Limited 3.5 V6 24v Awd Aut.,Ford,Suv,2014,125000,3.0,Gasolina,Automático,Hidráulica,Branco,4.0,5.0,Não,Hidráulica
17500,"Carros, Vans E Utilitários",Fiat Mille 1.0/ I.e./ Electronic/ Brio,Fiat,Hatch,1993,150000,1.0,Gasolina,Manual,Mecânica,Cinza,2.0,5.0,Não,Mecânica
63500,"Carros, Vans E Utilitários",Volkswagen Geração Vii 1.6 Msi 16v Flex Aut. 4p,Volkswagen,Hatch,2019,112000,1.6,Flex,Automático,Hidráulica,Branco,4.0,5.0,Não,Hidráulica
75900,"Carros, Vans E Utilitários",Mini S 1.6 Aut.,Mini,Hatch,2013,48000,1.6,Gasolina,Automático,Hidráulica,Outra,2.0,8.0,Não,Hidráulica
27000,"Carros, Vans E Utilitários",Suzuki 2.0 16v 4x2/4x4 5p Aut.,Suzuki,Suv,2010,130000,2.0,Gasolina,Automático,Hidráulica,Prata,4.0,5.0,Não,Hidráulica
163900,"Carros, Vans E Utilitários",Toyota Xei 2.0 Flex 16v Aut.,Toyota,Sedã,2022,52632,2.0,Flex,Automático,Elétrica,Branco,4.0,5.0,Não,Elétrica
239800,"Carros, Vans E Utilitários",Mitsubishi Triton Sport Hpe-s 2.4 Cd Dies. Aut,Mitsubishi,Pick-up,2024,65000,2.0,Diesel,Automático,Hidráulica,Branco,4.0,5.0,Não,Hidráulica
30100,"Carros, Vans E Utilitários",Kia Motors Ex 1.1/1.0/ 1.0 Flex Aut.,Kia Motors,Hatch,2011,95000,1.0,Gasolina,Automático,Hidráulica,Cinza,4.0,5.0,Não,Hidráulica
29900,"Carros, Vans E Utilitários",Volkswagen Trend 1.6 Mi Total Flex 8v 4p,Volkswagen,Sedã,2009,80000,1.6,Flex,Automático,Hidráulica,Outra,4.0,5.0,Não,Hidráulica
